,reasons,time_occured,time_reported,comments,incident_address,lat,long
1,Traffic Offense,23:19:50 10/31/22 - 23:19:50 10/31/22,23:19:50, ,BLOCK TRUMANSBURG RD; T ITHACA ITHACA NY 14850,42.4914674,-76.5883927
2,Traffic Offense,23:09:41 10/31/22 - 23:09:41 10/31/22,23:09:41,  Traffic Stop,STATE ROUTE 13 & WILLOW AVE; C ITHACA ITHACA NY 14850,42.45160389999999,-76.5034177
4,Traffic Offense,22:55:28 10/31/22 - 22:55:28 10/31/22,22:55:28, ,STATE ROUTE 13 N & N TRIPHAMMER RD; V LANSING ITHACA NY 14850,42.5054774,-76.490818
5,Traffic Offense,22:46:23 10/31/22 - 22:46:23 10/31/22,22:46:23, ,WARREN RD; NORTH WOOD APTS; V LANSING ITHACA NY 14850,42.487473,-76.4675177
6,Traffic Offense,22:41:00 10/31/22 - 22:41:00 10/31/22,22:41:00, ,STATE ROUTE 13 & BROWN RD; V LANSING ITHACA NY 14850,42.482845,-76.4548329
7,Traffic Offense,22:29:42 10/31/22 - 22:29:42 10/31/22,22:29:42, ,GRAHAM RD & N TRIPHAMMER RD; V LANSING ITHACA NY 14850,42.4861501,-76.48729949999999
9,Traffic Offense,22:15:47 10/31/22 - 22:15:47 10/31/22,22:15:47,  TCSO conducted traffic stop for VTL Violation.,RAILROAD ST; V FREEVILLE FREEVILLE NY 13068,42.5120081,-76.3418001
10,Traffic Offense,22:10:14 10/31/22 - 22:10:14 10/31/22,22:10:14,  Traffic stop,ELMIRA RD & MAZOUREK RD; T NEWFIELD NEWFIELD NY 14867,42.3289169,-76.6461169
12,Traffic Offense,22:06:43 10/31/22 - 22:06:43 10/31/22,22:06:43,  Traffic Stop,FIVE MILE DR & ITHACA BEER DR; T ITHACA ITHACA NY 14850,42.4164927,-76.53084919999999
13,Traffic Offense,21:42:44 10/31/22 - 21:42:44 10/31/22,21:42:44, ,STATE ROUTE 13 S & WARREN RD; V LANSING ITHACA NY 14850,42.4823694,-76.467225
14,Traffic Offense,21:38:15 10/31/22 - 21:38:15 10/31/22,21:38:15,  Traffic Stop,CRAFT RD & N TRIPHAMMER RD; V LANSING ITHACA NY 14850,42.4904743,-76.48972499999999
15,Traffic Offense,21:37:16 10/31/22 - 21:37:16 10/31/22,21:37:16,  Traffic Stop,FIVE MILE DR & ITHACA BEER DR; T ITHACA ITHACA NY 14850,42.4164927,-76.53084919999999
16,Traffic Offense,21:35:25 10/31/22 - 21:35:25 10/31/22,21:35:25, ,DRYDEN RD & MAIN ST; T DRYDEN FREEVILLE NY 13068,42.4763411,-76.3871935
17,Traffic Offense,21:33:53 10/31/22 - 21:33:53 10/31/22,21:33:53,  Traffic Stop,STATE ROUTE 13 S & WARREN RD; V LANSING ITHACA NY 14850,42.4823694,-76.467225
18,Traffic Offense,21:28:20 10/31/22 - 21:28:20 10/31/22,21:28:20,  Traffic Stop,WARREN RD & DUTCH MILL RD; T LANSING ITHACA NY 14850,42.5077472,-76.4717591
19,Traffic Offense,21:26:22 10/31/22 - 21:26:22 10/31/22,21:26:22, ,STATE ROUTE 13 N & CAYUGA HEIGHTS RD; V LANSING ITHACA NY 14850,42.3964701,-76.5460386
20,Traffic Offense,21:18:32 10/31/22 - 21:18:32 10/31/22,21:18:32, ,CASCADILLA ST & N FULTON ST; C ITHACA ITHACA NY 14850,42.4442958,-76.5099965
21,Traffic Offense,21:08:17 10/31/22 - 21:08:17 10/31/22,21:08:17, ,BLOCK ELMIRA RD; T NEWFIELD NEWFIELD NY 14867,42.3545699,-76.605648
22,Traffic Offense,21:03:11 10/31/22 - 21:03:11 10/31/22,21:03:11,  traffic stop,WARREN RD & TIGER LILY LN; T LANSING ITHACA NY 14850,42.5180438,-76.4723156
23,Traffic Offense,21:00:06 10/31/22 - 21:00:06 10/31/22,21:00:06, ,ELMIRA RD & MILLARD HILL RD; T NEWFIELD NEWFIELD NY 14867,42.39096,-76.56393109999999
24,Traffic Offense,20:56:31 10/31/22 - 20:56:31 10/31/22,20:56:31,  Traffic stop,N TRIPHAMMER RD; MOBIL; V LANSING ITHACA NY 14850,42.5054774,-76.490818
25,Traffic Offense,20:52:13 10/31/22 - 20:52:13 10/31/22,20:52:13,  Traffic Stop,STATE ROUTE 13 N & CAYUGA HEIGHTS RD; V LANSING ITHACA NY 14850,42.3964701,-76.5460386
26,Traffic Offense,20:47:31 10/31/22 - 20:47:31 10/31/22,20:47:31, ,ELMIRA RD & SAND BANK RD; T ITHACA ITHACA NY 14850,42.4170384,-76.525069
28,Traffic Offense,20:36:47 10/31/22 - 20:36:47 10/31/22,20:36:47, ,STATE ROUTE 13 & WILLOW AVE; C ITHACA ITHACA NY 14850,42.45160389999999,-76.5034177
29,Traffic Offense,20:30:38 10/31/22 - 20:30:38 10/31/22,20:30:38,  Traffic Stop,EAST SHORE DR; KOSKINENS REPAIR; T LANSING LANSING NY 14882,42.5295934,-76.500964
30,Traffic Offense,20:18:47 10/31/22 - 20:18:47 10/31/22,20:18:47,  Traffic Stop,RIDGE RD & LANSING GENOA TOWN LINE RD; T LANSING; T GENOA CKF,42.6221001,-76.6143025
32,Traffic Offense,20:01:47 10/31/22 - 20:01:47 10/31/22,20:01:47,  Traffic Stop,N TRIPHAMMER RD & WATERWAGON RD; T LANSING ITHACA NY 14850,42.5161329,-76.49128240000002
34,Traffic Offense,19:53:09 10/31/22 - 19:53:09 10/31/22,19:53:09, ,WARREN RD & UPTOWN RD; V LANSING; T ITHACA ITHACA NY 14850,42.4786222,-76.4670763
36,Traffic Offense,19:43:52 10/31/22 - 19:43:52 10/31/22,19:43:52, ,N TRIPHAMMER RD & SHARON DR; T LANSING LANSING NY 14882,42.5324399,-76.4922544
37,Traffic Offense,19:40:29 10/31/22 - 19:40:29 10/31/22,19:40:29,  Traffic Stop,STATE ROUTE 13 N; ROUTE 13 AT ITHACA HIGH BALL FIELD ITHACA NY 14850,39.9161307,-82.40810309999999
38,Traffic Offense,19:34:21 10/31/22 - 19:34:21 10/31/22,19:34:21,  TCSO conducted traffic stop for VTL Violation.,STATE ROUTE 13 & BROWN RD; V LANSING ITHACA NY 14850,42.482845,-76.4548329
39,Traffic Offense,19:28:40 10/31/22 - 19:28:40 10/31/22,19:28:40, ,N TRIPHAMMER RD & PERUVILLE RD; T LANSING LANSING NY 14882,42.5384399,-76.4926385
40,Traffic Offense,19:26:04 10/31/22 - 19:26:04 10/31/22,19:26:04,  Traffic Stop,ELMIRA RD & MAIN ST; T NEWFIELD NEWFIELD NY 14867,42.35237,-76.60833
41,Traffic Offense,19:21:35 10/31/22 - 19:21:35 10/31/22,19:21:35, ,N TRIPHAMMER RD & CRAFT RD; V LANSING ITHACA NY 14850,42.4904743,-76.48972499999999
42,Traffic Offense,19:19:26 10/31/22 - 19:19:26 10/31/22,19:19:26, ,N TRIPHAMMER RD; MCDONALDS; V LANSING ITHACA NY 14850,42.5054774,-76.490818
44,Traffic Offense,19:08:14 10/31/22 - 19:08:14 10/31/22,19:08:14,  Traffic Stop,ELMIRA RD; LITTLES LAWN EQUIPMENT; T NEWFIELD NEWFIELD NY 14867,42.3545699,-76.605648
48,Traffic Offense,18:27:12 10/31/22 - 18:27:12 10/31/22,18:27:12,  traffic stop,COLLINS RD & ASBURY RD; T LANSING FREEVILLE NY 13068,42.5250511,-76.4639783
58,Traffic Offense,14:15:39 10/31/22 - 14:15:40 10/31/22,14:15:39,  TCSO conducted a traffic stop.,CHERRY ST; ITHACA ARTHAUS; C ITHACA ITHACA NY 14850,42.436209,-76.515986
59,Traffic Offense,14:15:39 10/31/22 - 14:15:40 10/31/22,14:15:39,  TCSO conducted a traffic stop.,CHERRY ST; ITHACA ARTHAUS; C ITHACA ITHACA NY 14850,42.436209,-76.515986
60,Traffic Offense,14:15:39 10/31/22 - 14:15:40 10/31/22,14:15:39,  TCSO conducted a traffic stop.,CHERRY ST; ITHACA ARTHAUS; C ITHACA ITHACA NY 14850,42.436209,-76.515986
61,Traffic Offense,14:15:39 10/31/22 - 14:15:40 10/31/22,14:15:39,  TCSO conducted a traffic stop.,CHERRY ST; ITHACA ARTHAUS; C ITHACA ITHACA NY 14850,42.436209,-76.515986
69,Traffic Offense,11:17:53 10/31/22 - 11:17:53 10/31/22,11:17:53,  TCSO conducted a traffic stop.,MAIN ST; ZIPPIES CAR WASH; T NEWFIELD NEWFIELD NY 14867,42.3606672,-76.593516
70,Traffic Offense,11:04:02 10/31/22 - 11:04:02 10/31/22,11:04:02,  TCSO initiated a Traffic Stop.,DANBY RD & E MILLER RD; T DANBY ITHACA NY 14850,42.367795,-76.486989
79,Traffic Offense,05:20:05 10/31/22 - 05:20:05 10/31/22,05:20:05,  Traffic stop.,MECKLENBURG RD & N VAN DORN RD; T ENFIELD ITHACA NY 14850,42.451756,-76.6057896
82,Traffic Offense,03:18:31 10/31/22 - 03:18:31 10/31/22,03:18:31,  Traffic stop.,STATE ROUTE 13 & LOWER CREEK RD; T DRYDEN ITHACA NY 14850,42.4725103,-76.4212893
86,Traffic Offense,01:56:18 10/31/22 - 01:56:18 10/31/22,01:56:18,  Traffic offense,STATE ROUTE 13 & BROWN RD; V LANSING ITHACA NY 14850,42.482845,-76.4548329
89,Traffic Offense,01:34:23 10/31/22 - 01:34:23 10/31/22,01:34:23,  Traffic stop.,ELMIRA RD & MAIN ST; T NEWFIELD NEWFIELD NY 14867,42.35237,-76.60833
95,Traffic Offense,21:55:01 10/30/22 - 21:55:01 10/30/22,21:55:01,  traffic stop,MYERS RD & LEROY AVE; T LANSING LANSING NY 14882,42.539636,-76.5394209
99,Traffic Offense,21:20:41 10/30/22 - 21:20:41 10/30/22,21:20:41,  Traffic Stop,ELMIRA RD & BULL HILL RD; T NEWFIELD NEWFIELD NY 14867,42.317199,-76.6648226
101,Traffic Offense,21:00:37 10/30/22 - 21:00:37 10/30/22,21:00:37,  Traffic Stop,ELMIRA RD & BULL HILL RD; T NEWFIELD NEWFIELD NY 14867,42.317199,-76.6648226
102,Traffic Offense,20:40:28 10/30/22 - 20:40:28 10/30/22,20:40:28,  Traffic Stop,ELMIRA RD & MAZOUREK RD; T NEWFIELD NEWFIELD NY 14867,42.3289169,-76.6461169
104,Traffic Offense,20:28:32 10/30/22 - 20:28:32 10/30/22,20:28:32,  Traffic Stop,ELMIRA RD & BULL HILL RD; T NEWFIELD NEWFIELD NY 14867,42.317199,-76.6648226
113,Traffic Offense,18:26:54 10/30/22 - 18:26:54 10/30/22,18:26:54,  traffic stop,EAST SHORE DR & CAYUGA VISTA DR; T LANSING LANSING NY 14882,42.5329352,-76.502967
116,Traffic Cmplnt,17:11:02 10/30/22 - 17:12:20 10/30/22,17:11:02,  traffic complaint,PINCKNEY RD & DRYDEN RD; T DRYDEN ITHACA NY 14850,42.4702146,-76.4042387
120,Traffic Cmplnt,15:15:13 10/30/22 - 15:16:03 10/30/22,15:15:13,  Traffic complaint.,SALT RD & CORTLAND RD; T GROTON GROTON NY 13073,42.5924679,-76.3241929
124,Traffic Cmplnt,13:26:18 10/30/22 - 13:31:37 10/30/22,13:26:18,  Traffic complaint,BLOCK EAST SHORE DR; T ITHACA ITHACA NY 14850,42.4976514,-76.5098286
130,Traffic Offense,09:16:42 10/30/22 - 09:16:43 10/30/22,09:16:42,  Traffic Stop,RIDGE RD & ALGERINE RD; T LANSING LANSING NY 14882,42.5896925,-76.5921979
131,Traffic Offense,09:11:46 10/30/22 - 09:11:46 10/30/22,09:11:46,  TCSO conducted a traffic stop.,W STATE ST & W SENECA ST; C ITHACA ITHACA NY 14850,42.43991949999999,-76.5130945
132,Traffic Offense,09:01:00 10/30/22 - 09:01:00 10/30/22,09:01:00,  Traffic Stop,RIDGE RD & MILLIKEN DR; T LANSING LANSING NY 14882,42.6089778,-76.6134012
133,Traffic Offense,08:48:04 10/30/22 - 08:48:04 10/30/22,08:48:04,  Traffic Stop,RIDGE RD & ROSS RD; T LANSING LANSING NY 14882,42.5688512,-76.574004
135,Traffic Offense,08:01:00 10/30/22 - 08:01:00 10/30/22,08:01:00,  Traffic Stop,BLOCK EAST SHORE DR; V LANSING ITHACA NY 14850,42.4976514,-76.5098286
136,Traffic Offense,06:57:03 10/30/22 - 06:57:03 10/30/22,06:57:03,  Traffic Stop,WARREN RD; BORG WARNER AUTOMOTIVE; V LANSING ITHACA NY 14850,42.487473,-76.4675177
137,Traffic Offense,06:49:29 10/30/22 - 06:49:29 10/30/22,06:49:29,  Traffic Stop,WARREN RD & DART DR; V LANSING ITHACA NY 14850,42.4834027,-76.4673571
138,Traffic Offense,06:04:34 10/30/22 - 06:04:34 10/30/22,06:04:34,  Traffic stop.,FREEVILLE RD # HS; DRYDEN HIGH SCHOOL; T DRYDEN DRYDEN NY 13053,42.4991556,-76.3185152
139,Traffic Offense,04:57:13 10/30/22 - 04:57:13 10/30/22,04:57:13,  Traffic Stop,LICK ST & STEVENS RD; T GROTON FREEVILLE NY 13068,42.5633213,-76.34248910000001
143,Traffic Offense,03:51:01 10/30/22 - 03:51:01 10/30/22,03:51:01,  Traffic Stop,DRYDEN RD & MINEAH RD; T DRYDEN FREEVILLE NY 13068,42.4807355,-76.3736639
144,Traffic Offense,03:04:32 10/30/22 - 03:04:32 10/30/22,03:04:32,  Traffic Stop,STATE ROUTE 13 N & N TRIPHAMMER RD; V LANSING ITHACA NY 14850,42.5054774,-76.490818
146,Traffic Offense,02:51:31 10/30/22 - 02:51:31 10/30/22,02:51:31,  Traffic Stop,STATE ROUTE 13 S & EAST SHORE DR; T ITHACA ITHACA NY 14850,42.4976514,-76.5098286
147,Traffic Offense,02:46:04 10/30/22 - 02:46:04 10/30/22,02:46:04,  Traffic Stop,EAST SHORE DR; LAKE WATCH INN; V LANSING ITHACA NY 14850,42.4976514,-76.5098286
148,Traffic Offense,02:45:29 10/30/22 - 02:45:29 10/30/22,02:45:29,  Traffic stop.,HANSHAW RD; CARSON RENTAL SUPPLY; T DRYDEN ITHACA NY 14850,42.4673158,-76.4578944
149,Traffic Offense,02:45:29 10/30/22 - 02:45:29 10/30/22,02:45:29,  Traffic stop.,HANSHAW RD; CARSON RENTAL SUPPLY; T DRYDEN ITHACA NY 14850,42.4673158,-76.4578944
150,Traffic Offense,02:37:46 10/30/22 - 02:37:46 10/30/22,02:37:46,  Traffic Offense.,ELMIRA RD & SEVEN MILE DR; T ITHACA ITHACA NY 14850,42.4084385,-76.5416492
151,Traffic Offense,02:27:54 10/30/22 - 02:27:54 10/30/22,02:27:54,  Traffic Stop,STATE ROUTE 13 S & EAST SHORE DR; T ITHACA ITHACA NY 14850,42.4976514,-76.5098286
153,Traffic Offense,02:10:10 10/30/22 - 02:10:10 10/30/22,02:10:10,  Traffic Stop,N TRIPHAMMER RD & SPRUCE LN; CAYUGA HEIGHTS ITHACA NY 14850,42.4724185,-76.4813463
155,Traffic Offense,01:56:01 10/30/22 - 01:56:01 10/30/22,01:56:01,  Traffic Stop,STATE ROUTE 13 N; ROUTE 13 AT ITHACA HIGH BALL FIELD ITHACA NY 14850,39.9161307,-82.40810309999999
156,Traffic Offense,01:45:21 10/30/22 - 01:45:21 10/30/22,01:45:21,  Traffic Stop,EAST SHORE DR & AUBURN RD; T LANSING LANSING NY 14882,42.5379327,-76.5060575
158,Traffic Offense,01:09:22 10/30/22 - 01:09:22 10/30/22,01:09:22,  Traffic Stop,WARREN RD & DART DR; V LANSING ITHACA NY 14850,42.4834027,-76.4673571
160,Traffic Offense,00:50:56 10/30/22 - 00:50:56 10/30/22,00:50:56,  Traffic Stop,STATE ROUTE 13 & HANSHAW RD; T DRYDEN ITHACA NY 14850,42.4774635,-76.4308381
161,Traffic Offense,00:46:53 10/30/22 - 00:46:53 10/30/22,00:46:53,  Traffic Stop,STATE ROUTE 13 & HANSHAW RD; T DRYDEN ITHACA NY 14850,42.4774635,-76.4308381
162,Traffic Offense,00:42:49 10/30/22 - 00:42:49 10/30/22,00:42:49,  Traffic Offense.,STATE ROUTE 13 & BROWN RD; V LANSING ITHACA NY 14850,42.482845,-76.4548329
163,Traffic Offense,00:31:17 10/30/22 - 00:31:17 10/30/22,00:31:17,  Traffic Stop,WEST DRYDEN RD & PALMEAR RD; T DRYDEN FREEVILLE NY 13068,42.51864399999999,-76.35865919999999
164,Traffic Offense,00:26:40 10/30/22 - 00:26:40 10/30/22,00:26:40,  Traffic Offense.,DRYDEN RD & GAME FARM RD; T ITHACA ITHACA NY 14850,42.4509196,-76.4494758
166,Traffic Offense,00:16:27 10/30/22 - 00:16:27 10/30/22,00:16:27,  Traffic stop. RPS/1234,TEETER RD; T ENFIELD; T ITHACA; T LANSING ITHACA NY 14850,42.521274,-76.5119009
167,Traffic Offense,00:14:56 10/30/22 - 00:14:56 10/30/22,00:14:56,  Traffic Offense.,DRYDEN RD & MOUNT PLEASANT RD; T DRYDEN ITHACA NY 14850,42.4558908,-76.4362823
168,Traffic Offense,23:42:52 10/29/22 - 23:42:52 10/29/22,23:42:52,  Traffic stop.,STATE ROUTE 13 S & N TRIPHAMMER RD; V LANSING ITHACA NY 14850,42.5054774,-76.490818
169,Traffic Offense,23:37:40 10/29/22 - 23:37:40 10/29/22,23:37:40,  Traffic stop.,STATE ROUTE 13 S & N TRIPHAMMER RD; V LANSING ITHACA NY 14850,42.5054774,-76.490818
170,Traffic Offense,23:20:23 10/29/22 - 23:20:23 10/29/22,23:20:23,  Assist GPD,WILLIAMS ST & PARK ST; V GROTON GROTON NY 13073,-33.8736828,151.2125899
174,Traffic Offense,21:59:19 10/29/22 - 21:59:19 10/29/22,21:59:19,  Traffic Offense.,TAUGHANNOCK BLVD; GLENWOOD PINES; T ULYSSES ITHACA NY 14850,42.4817143,-76.5352388
176,Traffic Cmplnt,21:05:50 10/29/22 - 21:11:14 10/29/22,21:05:50,  Traffic Complaint.,DRYDEN RD; NYSEG; T DRYDEN ITHACA NY 14850,42.4649959,-76.4160503
179,Traffic Offense,20:58:09 10/29/22 - 20:58:10 10/29/22,20:58:09,  Traffic Offense.,W DANBY RD; NEWFIELD CONVENIENCE; T NEWFIELD NEWFIELD NY 14867,42.3567067,-76.5476718
192,Traffic Offense,12:02:09 10/29/22 - 12:02:09 10/29/22,12:02:09,  Traffic stop,BLOCK MCLEAN CORTLAND RD; T GROTON CORTLAND NY 13045,42.5701684,-76.2505416
193,Traffic Offense,12:02:09 10/29/22 - 12:02:09 10/29/22,12:02:09,  Traffic stop,BLOCK MCLEAN CORTLAND RD; T GROTON CORTLAND NY 13045,42.5701684,-76.2505416
194,Traffic Offense,11:56:42 10/29/22 - 11:56:42 10/29/22,11:56:42,  Deputies conducted a traffic stop for Inoperable Brake Light.,BLOCK ELM ST EXT; T ITHACA ITHACA NY 14850,42.435898,-76.5396943
201,Traffic Cmplnt,02:46:08 10/29/22 - 02:50:12 10/29/22,02:46:08,  Traffic complaint.,PENNSYLVANIA AVE; T ITHACA ITHACA NY 14850,42.4272293,-76.4872588
208,Traffic Offense,01:27:09 10/29/22 - 01:27:09 10/29/22,01:27:09,  Traffic Stop,TRUMANSBURG RD & IRADELL RD; T ULYSSES; T ITHACA ITHACA NY 14850,42.4800817,-76.5609858
209,Traffic Offense,01:09:52 10/29/22 - 01:09:52 10/29/22,01:09:52,  Traffic Stop,W DANBY RD; NEWFIELD CONVENIENCE; T NEWFIELD NEWFIELD NY 14867,42.3567067,-76.5476718
216,Traffic Cmplnt,21:06:55 10/28/22 - 21:07:48 10/28/22,21:06:55,  Assist,STATE ROUTE 13 N & WARREN RD; V LANSING ITHACA NY 14850,42.4823694,-76.467225
217,Traffic Offense,21:02:56 10/28/22 - 21:02:56 10/28/22,21:02:56,  Traffic Offense.,SLATERVILLE RD & N LANDON RD; T CAROLINE ITHACA NY 14850,42.3955019,-76.3979493
232,Traffic Offense,13:07:23 10/28/22 - 13:07:23 10/28/22,13:07:23,  Traffic Stop,RIDGE RD & BEACH LN; T LANSING LANSING NY 14882,42.538826,-76.51093949999999
234,Traffic Offense,12:17:45 10/28/22 - 12:17:45 10/28/22,12:17:45,  Deputies conducted a stop for Uninspected MV.,N VAN DORN RD & MECKLENBURG RD; T ENFIELD ITHACA NY 14850,42.4520852,-76.591217
238,Traffic Offense,11:10:36 10/28/22 - 11:10:36 10/28/22,11:10:36,  Traffic Offense.,BUFFALO RD; T CAROLINE BROOKTONDALE NY 14817,42.3778259,-76.3233525
240,Traffic Offense,10:27:43 10/28/22 - 10:27:43 10/28/22,10:27:43, ,ELMIRA RD & TEST RD; T NEWFIELD NEWFIELD NY 14867,42.34563,-76.6202919
243,Traffic Offense,05:03:09 10/28/22 - 05:03:09 10/28/22,05:03:09,  Traffic Offense.,TRUMANSBURG RD & VAN DORN CORNERS RD; T ULYSSES ITHACA NY 14850,42.4945573,-76.593785
247,Traffic Offense,03:37:10 10/28/22 - 03:37:10 10/28/22,03:37:10,  Traffic Offense,ELMIRA RD & MILLARD HILL RD; T NEWFIELD NEWFIELD NY 14867,42.39096,-76.56393109999999
249,Traffic Offense,02:22:36 10/28/22 - 02:22:36 10/28/22,02:22:36,  Traffic Stop,CORTLAND RD & SIMMS HILL RD; T DRYDEN DRYDEN NY 13053,42.5206034,-76.2803928
255,Traffic Offense,23:54:41 10/27/22 - 23:54:41 10/27/22,23:54:41,  Traffic Stop,CORTLAND RD & SIMMS HILL RD; T DRYDEN DRYDEN NY 13053,42.5206034,-76.2803928
258,Traffic Offense,22:21:15 10/27/22 - 22:21:15 10/27/22,22:21:15,  Traffic Stop.,STATE ROUTE 13 S & WARREN RD; V LANSING ITHACA NY 14850,42.4823694,-76.467225
260,Traffic Offense,22:04:51 10/27/22 - 22:04:51 10/27/22,22:04:51,  Traffic Offense.,PINCKNEY RD & DRYDEN RD; T DRYDEN ITHACA NY 14850,42.4702146,-76.4042387
262,Traffic Offense,20:46:40 10/27/22 - 20:46:40 10/27/22,20:46:40,  Deputies conducted a traffic stop for Inoperable Plate Lamp.,ELMIRA RD & SEVEN MILE DR; T ITHACA ITHACA NY 14850,42.4084385,-76.5416492
265,Traffic Offense,20:36:24 10/27/22 - 20:36:24 10/27/22,20:36:24,  Traffic Offense.,DRYDEN RD & TURKEY HILL RD; T DRYDEN ITHACA NY 14850,42.4603429,-76.4273936
266,Traffic Offense,20:24:29 10/27/22 - 20:24:29 10/27/22,20:24:29,  Deputy assisted NYSP with a traffic stop.,ELMIRA RD & FIVE MILE DR; T ITHACA ITHACA NY 14850,42.41444750000001,-76.53140669999999
267,Traffic Offense,19:47:32 10/27/22 - 19:47:32 10/27/22,19:47:32,  Traffic Offense.,STATE ROUTE 13 N & WARREN RD; V LANSING ITHACA NY 14850,42.4823694,-76.467225
269,Traffic Cmplnt,19:19:36 10/27/22 - 19:22:32 10/27/22,19:19:36,  Traffic Complaint.,STATE ROUTE 13 N & WARREN RD; V LANSING ITHACA NY 14850,42.4823694,-76.467225
272,Traffic Offense,18:55:16 10/27/22 - 18:55:16 10/27/22,18:55:16,  Traffic Stop.,N TRIPHAMMER RD & HICKORY HOLLOW LN; V LANSING ITHACA NY 14850,42.4874143,-76.4881365
273,Traffic Offense,18:55:16 10/27/22 - 18:55:16 10/27/22,18:55:16,  Traffic Stop.,N TRIPHAMMER RD & HICKORY HOLLOW LN; V LANSING ITHACA NY 14850,42.4874143,-76.4881365
287,Traffic Cmplnt,14:01:19 10/27/22 - 14:02:49 10/27/22,14:01:19, ,BLOCK MCLEAN CORTLAND RD; T GROTON CORTLAND NY 13045,42.5701684,-76.2505416
292,Traffic Offense,12:57:34 10/27/22 - 12:57:34 10/27/22,12:57:34,  Traffic stop.,ELMIRA RD & DECKER RD; T NEWFIELD NEWFIELD NY 14867,42.393481,-76.55390919999999
293,Traffic Cmplnt,12:11:11 10/27/22 - 12:22:44 10/27/22,12:10:49,  Traffic complaint.,LAKE ST EXT; TRUMANSBURG; T ULYSSES TRUMANSBURG NY 14886,42.4960224,-76.7105632
294,Traffic Offense,11:43:09 10/27/22 - 11:43:09 10/27/22,11:43:09,  Traffic stop.,MECKLENBURG RD; T ITHACA ITHACA NY 14850,42.451756,-76.6057896
295,Traffic Cmplnt,11:39:54 10/27/22 - 11:42:11 10/27/22,11:39:53,  TCSO investigated a traffic complaint.,DRYDEN RD & GEORGE RD; T DRYDEN DRYDEN NY 13053,42.48963740000001,-76.3282852
297,Traffic Offense,10:50:28 10/27/22 - 10:50:28 10/27/22,10:50:28,  Traffic Stop.,RIDGE RD & SPERRY LN; T LANSING LANSING NY 14882,42.558274,-76.550693
305,Traffic Offense,04:40:36 10/27/22 - 04:40:37 10/27/22,04:40:36,  Traffic Stop,PERUVILLE RD & SALT RD; T GROTON FREEVILLE NY 13068,42.5490674,-76.3227965
321,Traffic Offense,21:30:24 10/26/22 - 21:30:24 10/26/22,21:30:24,  Traffic Stop,N TRIPHAMMER RD & SAVAGE FARM DR; CAYUGA HEIGHTS ITHACA NY 14850,42.4764597,-76.4817903
322,Traffic Offense,21:22:12 10/26/22 - 21:22:12 10/26/22,21:22:12,  TCSO conducted traffic stop for VTL Violation.,N TRIPHAMMER RD & N TRIPHAMMER RD ENTRANCE RAMP; V LANSING ITHACA NY 14850,42.5054774,-76.490818
324,Traffic Offense,21:13:34 10/26/22 - 21:13:34 10/26/22,21:13:34,  Traffic Stop,N TRIPHAMMER RD & OAKCREST RD; V LANSING ITHACA NY 14850,42.4880821,-76.4886044
325,Traffic Offense,21:02:21 10/26/22 - 21:02:21 10/26/22,21:02:21,  Traffic Stop,N TRIPHAMMER RD & BROOK DR; V LANSING ITHACA NY 14850,42.4914029,-76.48995649999999
326,Traffic Offense,20:50:16 10/26/22 - 20:50:16 10/26/22,20:50:16,  Assist Other Agency.,ELMIRA RD & FIVE MILE DR; T ITHACA ITHACA NY 14850,42.41444750000001,-76.53140669999999
328,Traffic Cmplnt,20:08:15 10/26/22 - 20:12:38 10/26/22,20:08:15,  TCSO investigated a traffic complaint.,HARFORD RD & SLATERVILLE RD; T CAROLINE BROOKTONDALE NY 14817,42.3918867,-76.3390819
329,Traffic Offense,19:52:11 10/26/22 - 19:52:11 10/26/22,19:52:11,  Traffic Offense.,HAYTS RD & N VAN DORN RD; T ENFIELD ITHACA NY 14850,42.4665444,-76.5871689
331,Traffic Offense,19:07:30 10/26/22 - 19:07:30 10/26/22,19:07:30,  Assist Citizen.,TRUMANSBURG RD; RENOVUS ENERGY; T ULYSSES ITHACA NY 14850,42.4914674,-76.5883927
332,Traffic Offense,19:07:30 10/26/22 - 19:07:30 10/26/22,19:07:30,  Assist Citizen.,TRUMANSBURG RD; RENOVUS ENERGY; T ULYSSES ITHACA NY 14850,42.4914674,-76.5883927
344,Traffic Offense,14:14:11 10/26/22 - 14:14:11 10/26/22,14:14:11,  TCSO conducted a traffic stop.,W DANBY RD & DECKER RD; T NEWFIELD NEWFIELD NY 14867,42.3877599,-76.5538899
356,Traffic Offense,09:51:11 10/26/22 - 09:51:11 10/26/22,09:51:11,  Traffic Stop.,FALL CREEK RD & HERMAN RD; T DRYDEN; V FREEVILLE FREEVILLE NY 13068,42.517874,-76.3355868
361,Traffic Offense,08:22:28 10/26/22 - 08:22:28 10/26/22,08:22:28,  Traffic Stop.,N TRIPHAMMER RD & HANSHAW RD; CAYUGA HEIGHTS ITHACA NY 14850,42.4700772,-76.4803153
364,Traffic Offense,06:33:27 10/26/22 - 06:33:27 10/26/22,06:33:27,  Traffic Stop,ELMIRA RD & TEST RD; T NEWFIELD NEWFIELD NY 14867,42.34563,-76.6202919
379,Traffic Offense,21:42:51 10/25/22 - 21:42:52 10/25/22,21:42:51,  Assist.,ELLIS HOLLOW RD; T ITHACA; T DRYDEN; T CAROLINE ITHACA NY 14850,42.427384,-76.4116156
380,Traffic Offense,21:14:18 10/25/22 - 21:14:18 10/25/22,21:14:18,  Traffic Stop,HALSEYVILLE RD & PERRY CITY RD; T ULYSSES TRUMANSBURG NY 14886,42.4945789,-76.633844
381,Traffic Offense,20:30:09 10/25/22 - 20:30:09 10/25/22,20:30:09,  Traffic Stop,FIVE MILE DR & ITHACA BEER DR; T ITHACA ITHACA NY 14850,42.4164927,-76.53084919999999
382,Traffic Offense,20:23:00 10/25/22 - 20:23:01 10/25/22,20:23:00,  Traffic offense.,STATE ROUTE 13 S & JAMES L GIBBS DR; C ITHACA ITHACA NY 14850,42.4630089,-76.4996005
394,Traffic Cmplnt,11:51:04 10/25/22 - 11:53:39 10/25/22,11:51:04,  Traffic complaint.,SALT RD; T GROTON GROTON NY 13073,42.6001605,-76.3244275
412,Traffic Offense,06:26:09 10/25/22 - 06:26:09 10/25/22,06:26:09,  Traffic stop.,ELMIRA RD & MAZOUREK RD; T NEWFIELD NEWFIELD NY 14867,42.3289169,-76.6461169
415,Traffic Offense,05:00:47 10/25/22 - 05:00:47 10/25/22,05:00:47,  Traffic stop.,FIVE MILE DR & ELMIRA RD; T ITHACA ITHACA NY 14850,42.41444750000001,-76.53140669999999
418,Traffic Offense,02:44:57 10/25/22 - 02:44:57 10/25/22,02:44:57,  Suspicious vehicle.,ENFIELD FALLS RD & TRUMBULLS CORNERS RD; T ENFIELD ITHACA NY 14850,42.3850132,-76.6326883
427,Traffic Offense,00:33:14 10/25/22 - 00:33:14 10/25/22,00:33:14,  Deputy conducted a traffic stop.,MECKLENBURG RD; ENFIELD DOLLAR GENERAL; T ENFIELD ITHACA NY 14850,42.451756,-76.6057896
429,Traffic Offense,00:02:50 10/25/22 - 00:02:50 10/25/22,00:02:50,  Traffic Offense,PERUVILLE RD & SHARPSTEEN RD; T GROTON GROTON NY 13073,42.5472819,-76.3989674
431,Traffic Offense,20:19:25 10/24/22 - 20:19:25 10/24/22,20:19:25,  traffic stop,MAIN ST; SPEEDWAY; V GROTON GROTON NY 13073,42.5877726,-76.3667227
434,Traffic Offense,19:31:24 10/24/22 - 19:31:24 10/24/22,19:31:24,  traffic stop,PERUVILLE RD & PERU RD; T GROTON GROTON NY 13073,42.5482062,-76.3616439
435,Traffic Offense,19:23:22 10/24/22 - 19:23:22 10/24/22,19:23:22,  traffic stop,PERU RD & STEVENS RD; T GROTON GROTON NY 13073,42.5627891,-76.36423889999999
454,Traffic Cmplnt,12:31:48 10/24/22 - 12:33:41 10/24/22,12:31:48,  TCSO investigated a traffic complaint.,BLOCK SEVENTY SIX RD; T CAROLINE BROOKTONDALE NY 14817,42.3429557,-76.3045373
462,Traffic Offense,09:07:46 10/24/22 - 09:07:46 10/24/22,09:07:46,  TCSO initiated a Traffic Stop.,MAIN ST & UPPER CREEK RD; T DRYDEN ETNA NY 13062,42.490333,-76.3779773
466,Traffic Offense,05:44:27 10/24/22 - 05:44:27 10/24/22,05:44:27,  Deputy conducted a traffic stop.,ELMIRA RD & CONNECTICUT HILL RD; T NEWFIELD NEWFIELD NY 14867,42.317199,-76.6648226
467,Traffic Offense,05:26:54 10/24/22 - 05:26:54 10/24/22,05:26:54,  Deputy conducted a traffic stop.,ELMIRA RD & TRUMBULLS CORNERS RD; T NEWFIELD NEWFIELD NY 14867,42.3545699,-76.605648
468,Traffic Offense,05:18:00 10/24/22 - 05:18:00 10/24/22,05:18:00,  Traffic Offense.,ELMIRA RD & BANK ST; T NEWFIELD NEWFIELD NY 14867,42.3612242,-76.5983823
470,Traffic Offense,03:28:41 10/24/22 - 03:28:41 10/24/22,03:28:41,  Suspicious vehicle.,TRUMBULLS CORNERS RD & PORTER HILL RD; T ENFIELD ITHACA NY 14850,42.4138109,-76.62894
477,Traffic Offense,00:25:45 10/24/22 - 00:25:45 10/24/22,00:25:45,  Traffic offense,N TRIPHAMMER RD & ASBURY DR; T LANSING ITHACA NY 14850,42.5222285,-76.4916033
478,Traffic Offense,00:25:45 10/24/22 - 00:25:45 10/24/22,00:25:45,  Traffic offense,N TRIPHAMMER RD & ASBURY DR; T LANSING ITHACA NY 14850,42.5222285,-76.4916033
479,Traffic Offense,00:25:45 10/24/22 - 00:25:45 10/24/22,00:25:45,  Traffic offense,N TRIPHAMMER RD & ASBURY DR; T LANSING ITHACA NY 14850,42.5222285,-76.4916033
481,Traffic Offense,21:47:30 10/23/22 - 21:47:30 10/23/22,21:47:30,  Traffic Stop,SHELDON RD & PERUVILLE RD; T DRYDEN; T GROTON GROTON NY 13073,42.5468072,-76.41636369999999
482,Traffic Offense,21:35:06 10/23/22 - 21:35:06 10/23/22,21:35:06, ,EAST SHORE DR; RIDGE ROAD IMPORTS; T LANSING LANSING NY 14882,42.5295934,-76.500964
483,Traffic stop.,21:24:07 10/23/22 - 21:29:05 10/23/22,21:24:07, ,TRUMANSBURG RD; CAYUGA RIDGE; T ITHACA ITHACA NY 14850,42.4914674,-76.5883927
485,Traffic Offense,20:08:59 10/23/22 - 20:08:59 10/23/22,20:08:59,  Traffic Stop,PERU RD # HS; GROTON HIGH SCHOOL; V GROTON GROTON NY 13073,42.5665431,-76.3647589
486,Traffic Cmplnt,19:43:50 10/23/22 - 19:45:48 10/23/22,19:43:50,  Traffic Complaint.,DANBY RD; T DANBY WILLSEYVILLE NY 13864,42.3289137,-76.4325699
489,Traffic Offense,19:20:18 10/23/22 - 19:20:18 10/23/22,19:20:18,  Traffic Stop,STATE ROUTE 13 N & WARREN RD; V LANSING ITHACA NY 14850,42.4823694,-76.467225
490,Traffic Offense,18:58:03 10/23/22 - 18:58:03 10/23/22,18:58:03,  Traffic Offense.,TRUMANSBURG RD & COLEGROVE RD; T ULYSSES TRUMANSBURG NY 14886,42.5050839,-76.6103009
495,Traffic Offense,17:54:18 10/23/22 - 17:54:18 10/23/22,17:54:18,  Deputy conducted a traffic stop.,PERUVILLE RD & SCHOOL ST; T GROTON; T DRYDEN FREEVILLE NY 13068,42.549665,-76.2938374
500,Traffic Cmplnt,16:43:23 10/23/22 - 16:43:23 10/23/22,16:43:23,  Traffic complaint.,SAPSUCKER WOODS RD & STATE ROUTE 13; V LANSING ITHACA NY 14850,42.482845,-76.4548329
504,Traffic Offense,13:17:38 10/23/22 - 13:17:38 10/23/22,13:17:38,  Traffic stop,BROOK DR & N TRIPHAMMER RD; V LANSING ITHACA NY 14850,42.5054774,-76.490818
505,Traffic Offense,13:17:38 10/23/22 - 13:17:38 10/23/22,13:17:38,  Traffic stop,BROOK DR & N TRIPHAMMER RD; V LANSING ITHACA NY 14850,42.5054774,-76.490818
508,Traffic Offense,13:07:57 10/23/22 - 13:07:57 10/23/22,13:07:57,  Traffic stop.,HANSHAW RD & SCHWAN DR; T DRYDEN ITHACA NY 14850,42.484663,-76.43127
512,Traffic Offense,11:33:04 10/23/22 - 11:33:04 10/23/22,11:33:04,  Traffic stop,RIDGE RD & LUDLOWVILLE RD; T LANSING LANSING NY 14882,42.5544924,-76.5450774
513,Traffic Offense,11:33:04 10/23/22 - 11:33:04 10/23/22,11:33:04,  Traffic stop,RIDGE RD & LUDLOWVILLE RD; T LANSING LANSING NY 14882,42.5544924,-76.5450774
514,Traffic Offense,10:52:54 10/23/22 - 10:52:54 10/23/22,10:52:54,  Deputies conducted a stop for No Plates.,STATE ROUTE 13 S & N TRIPHAMMER RD; V LANSING ITHACA NY 14850,42.5054774,-76.490818
518,Traffic Offense,07:39:30 10/23/22 - 07:39:30 10/23/22,07:39:30,  Traffic stop.,FLORAL AVE; TOWERVIEW APTS; C ITHACA ITHACA NY 14850,42.4351342,-76.5190315
519,Traffic Offense,07:39:30 10/23/22 - 07:39:30 10/23/22,07:39:30,  Traffic stop.,FLORAL AVE; TOWERVIEW APTS; C ITHACA ITHACA NY 14850,42.4351342,-76.5190315
520,Traffic Offense,07:39:30 10/23/22 - 07:39:30 10/23/22,07:39:30,  Traffic stop.,FLORAL AVE; TOWERVIEW APTS; C ITHACA ITHACA NY 14850,42.4351342,-76.5190315
521,Traffic Offense,07:39:30 10/23/22 - 07:39:30 10/23/22,07:39:30,  Traffic stop.,FLORAL AVE; TOWERVIEW APTS; C ITHACA ITHACA NY 14850,42.4351342,-76.5190315
523,Traffic Offense,05:12:08 10/23/22 - 05:12:09 10/23/22,05:12:08,  Traffic Stop,FLORAL AVE & HECTOR ST; C ITHACA ITHACA NY 14850,42.44119999999999,-76.51517
524,Traffic Offense,05:12:08 10/23/22 - 05:12:09 10/23/22,05:12:08,  Traffic Stop,FLORAL AVE & HECTOR ST; C ITHACA ITHACA NY 14850,42.44119999999999,-76.51517
525,Traffic Offense,05:12:08 10/23/22 - 05:12:09 10/23/22,05:12:08,  Traffic Stop,FLORAL AVE & HECTOR ST; C ITHACA ITHACA NY 14850,42.44119999999999,-76.51517
526,Traffic Offense,05:12:08 10/23/22 - 05:12:09 10/23/22,05:12:08,  Traffic Stop,FLORAL AVE & HECTOR ST; C ITHACA ITHACA NY 14850,42.44119999999999,-76.51517
527,Traffic Offense,05:12:08 10/23/22 - 05:12:09 10/23/22,05:12:08,  Traffic Stop,FLORAL AVE & HECTOR ST; C ITHACA ITHACA NY 14850,42.44119999999999,-76.51517
528,Traffic Offense,05:12:08 10/23/22 - 05:12:09 10/23/22,05:12:08,  Traffic Stop,FLORAL AVE & HECTOR ST; C ITHACA ITHACA NY 14850,42.44119999999999,-76.51517
531,Traffic Offense,02:07:52 10/23/22 - 02:07:52 10/23/22,02:07:52,  Traffic stop.,GAME FARM RD & ELLIS HOLLOW RD; T ITHACA; T DRYDEN ITHACA NY 14850,42.4331339,-76.4483949
532,Traffic Offense,02:07:52 10/23/22 - 02:07:52 10/23/22,02:07:52,  Traffic stop.,GAME FARM RD & ELLIS HOLLOW RD; T ITHACA; T DRYDEN ITHACA NY 14850,42.4331339,-76.4483949
533,Traffic Offense,02:07:52 10/23/22 - 02:07:52 10/23/22,02:07:52,  Traffic stop.,GAME FARM RD & ELLIS HOLLOW RD; T ITHACA; T DRYDEN ITHACA NY 14850,42.4331339,-76.4483949
534,Traffic Offense,01:58:12 10/23/22 - 01:58:12 10/23/22,01:58:12,  Traffic Stop,DRYDEN RD; NYSEG; T DRYDEN ITHACA NY 14850,42.4649959,-76.4160503
535,Traffic Offense,01:45:40 10/23/22 - 01:45:40 10/23/22,01:45:40,  Traffic Stop,BLOCK EAST SHORE DR; V LANSING ITHACA NY 14850,42.4976514,-76.5098286
537,Traffic Offense,01:41:51 10/23/22 - 01:41:51 10/23/22,01:41:51,  Traffic Stop,BLOCK EAST SHORE DR; V LANSING ITHACA NY 14850,42.4976514,-76.5098286
539,Traffic Offense,01:24:31 10/23/22 - 01:24:31 10/23/22,01:24:31,  Traffic stop.,DRYDEN RD & GEORGE RD; T DRYDEN DRYDEN NY 13053,42.48963740000001,-76.3282852
542,Traffic Offense,00:40:28 10/23/22 - 00:40:28 10/23/22,00:40:28,  Traffic Stop,STATE ROUTE 13 S; ROUTE 13 AT STEWART PARK; T ITHACA ITHACA NY 14850,42.3964701,-76.5460386
543,Traffic Offense,00:29:46 10/23/22 - 00:29:46 10/23/22,00:29:46,  Traffic stop.,DRYDEN RD & CALDWELL RD; T ITHACA ITHACA NY 14850,42.44659,-76.4607039
546,Traffic Offense,00:03:55 10/23/22 - 00:03:55 10/23/22,00:03:55,  Traffic Stop,RIDGE RD & BECKWITH LN; T LANSING LANSING NY 14882,42.5604259,-76.5559289
548,Traffic Offense,23:57:39 10/22/22 - 23:57:39 10/22/22,23:57:39,  Traffic Stop,RIDGE RD & LUDLOWVILLE RD; T LANSING LANSING NY 14882,42.5544924,-76.5450774
550,Traffic Offense,23:43:49 10/22/22 - 23:43:49 10/22/22,23:43:49,  Traffic stop,EAST SHORE DR & BLACKCHIN BLVD; V LANSING ITHACA NY 14850,42.5076304,-76.5090482
552,Traffic Cmplnt,22:51:27 10/22/22 - 22:51:27 10/22/22,22:51:27,  traffic complaint,WARREN RD & FARRELL RD; T LANSING ITHACA NY 14850,42.5145916,-76.4721544
554,Traffic Offense,22:38:01 10/22/22 - 22:38:01 10/22/22,22:38:01,  Traffic Stop,RIDGE RD & BECKWITH LN; T LANSING LANSING NY 14882,42.5604259,-76.5559289
560,Traffic Offense,21:02:54 10/22/22 - 21:02:54 10/22/22,21:02:54,  Traffic stop.,DRYDEN RD & PINCKNEY RD; T DRYDEN ITHACA NY 14850,42.4702146,-76.4042387
565,Traffic Offense,20:17:10 10/22/22 - 20:17:10 10/22/22,20:17:10,  Traffic stop.,TRUMANSBURG RD & COLEGROVE RD; T ULYSSES TRUMANSBURG NY 14886,42.5050839,-76.6103009
566,Traffic Offense,20:04:15 10/22/22 - 20:04:15 10/22/22,20:04:15,  Deputy conducted a traffic stop and made an arrest.,N TRIPHAMMER RD; MOBIL; V LANSING ITHACA NY 14850,42.5054774,-76.490818
567,Traffic Offense,20:04:15 10/22/22 - 20:04:15 10/22/22,20:04:15,  Deputy conducted a traffic stop and made an arrest.,N TRIPHAMMER RD; MOBIL; V LANSING ITHACA NY 14850,42.5054774,-76.490818
568,Traffic Offense,19:53:41 10/22/22 - 19:53:41 10/22/22,19:53:41,  Deputy conducted a traffic stop.,N TRIPHAMMER RD # TOPS; TOPS FRIENDLY MARKETS ITHACA NY 14850,42.5054774,-76.490818
569,Traffic Offense,19:38:03 10/22/22 - 19:38:03 10/22/22,19:38:03,  Deputy conducted a traffic stop.,ELMIRA RD & SEVEN MILE DR; T ITHACA ITHACA NY 14850,42.4084385,-76.5416492
571,Traffic Offense,19:25:44 10/22/22 - 19:25:44 10/22/22,19:25:44,  Deputy conducted a traffic stop.,W DANBY RD; SHADY CORNERS; T ITHACA NEWFIELD NY 14867,42.3567067,-76.5476718
574,Traffic Offense,19:09:47 10/22/22 - 19:09:47 10/22/22,19:09:47,  Deputy conducted a traffic stop.,ELMIRA RD & DECKER RD; T NEWFIELD NEWFIELD NY 14867,42.393481,-76.55390919999999
575,Traffic Offense,18:58:26 10/22/22 - 18:58:26 10/22/22,18:58:26,  Deputy conducted a traffic stop.,FIVE MILE DR & BOSTWICK RD; T ITHACA ITHACA NY 14850,42.4224419,-76.5291647
588,Traffic Offense,14:10:23 10/22/22 - 14:10:23 10/22/22,14:10:23, ,WEST DRYDEN RD & WOOD RD; T DRYDEN FREEVILLE NY 13068,42.51762189999999,-76.3941531
589,TCSO initiated a Traffic Stop.,14:08:59 10/22/22 - 14:09:33 10/22/22,14:08:59, ,MUZZY RD; T DANBY ITHACA NY 14850,42.3839119,-76.4816489
592,Traffic Offense,12:21:03 10/22/22 - 12:21:03 10/22/22,12:21:03,  Deputy conducted a traffic stop.,DAVIS RD & LANSINGVILLE RD; T LANSING LANSING NY 14882,42.573803,-76.549374
593,Traffic Offense,11:46:39 10/22/22 - 11:46:39 10/22/22,11:46:39,  Deputy conducted a traffic stop.,RIDGE RD; T LANSING LANSING NY 14882,42.5735549,-76.5781092
599,Traffic Cmplnt,09:01:13 10/22/22 - 09:03:36 10/22/22,09:01:12,  TCSO responded to a Traffic Complaint.,STATE ROUTE 13 N & WARREN RD; V LANSING ITHACA NY 14850,42.4823694,-76.467225
607,Traffic Offense,05:50:38 10/22/22 - 05:50:39 10/22/22,05:50:38,  Traffic Stop,N TRIPHAMMER RD; ECONO LODGE ITHACA; V LANSING ITHACA NY 14850,42.5054774,-76.490818
608,Traffic Offense,05:44:37 10/22/22 - 05:44:37 10/22/22,05:44:37,  Traffic stop,STATE ROUTE 13 & LOWER CREEK RD; T DRYDEN ITHACA NY 14850,42.4725103,-76.4212893
613,Traffic Offense,03:05:32 10/22/22 - 03:05:32 10/22/22,03:05:32,  Traffic Stop,BLOCK EAST SHORE DR; V LANSING ITHACA NY 14850,42.4976514,-76.5098286
614,Traffic Offense,02:21:44 10/22/22 - 02:21:44 10/22/22,02:21:44,  Traffic Stop,BONE PLAIN RD & SCOFIELD RD; T DRYDEN; T LANSING FREEVILLE NY 13068,42.5297011,-76.4530992
617,Traffic Offense,00:10:09 10/22/22 - 00:10:09 10/22/22,00:10:09,  Traffic stop.,DRYDEN RD; MIRABITO; T DRYDEN FREEVILLE NY 13068,42.5173595,-76.4036654
618,Traffic Offense,00:02:24 10/22/22 - 00:02:24 10/22/22,00:02:24,  Traffic stop.,STATE ROUTE 13 & HANSHAW RD; T DRYDEN ITHACA NY 14850,42.4774635,-76.4308381
619,Traffic Offense,00:01:41 10/22/22 - 00:01:41 10/22/22,00:01:41,  Traffic Offense.,BLOCK EAST SHORE DR; V LANSING ITHACA NY 14850,42.4976514,-76.5098286
620,Traffic Offense,23:59:44 10/21/22 - 23:59:44 10/21/22,23:59:44,  Traffic stop. RPS/1234,STATE ROUTE 13 & DEY ST; C ITHACA ITHACA NY 14850,42.45160389999999,-76.5034177
621,Traffic Offense,23:47:14 10/21/22 - 23:47:14 10/21/22,23:47:14,  Traffic stop.,WARREN DR & CHERRY RD; T LANSING ITHACA NY 14850,42.5014236,-76.4678668
622,Traffic Offense,23:44:31 10/21/22 - 23:44:31 10/21/22,23:44:31,  Traffic Stop,STATE ROUTE 13 S & N TRIPHAMMER RD; V LANSING ITHACA NY 14850,42.5054774,-76.490818
623,Traffic Offense,23:44:31 10/21/22 - 23:44:31 10/21/22,23:44:31,  Traffic Stop,STATE ROUTE 13 S & N TRIPHAMMER RD; V LANSING ITHACA NY 14850,42.5054774,-76.490818
624,Traffic Offense,23:44:31 10/21/22 - 23:44:31 10/21/22,23:44:31,  Traffic Stop,STATE ROUTE 13 S & N TRIPHAMMER RD; V LANSING ITHACA NY 14850,42.5054774,-76.490818
625,Traffic Offense,23:44:31 10/21/22 - 23:44:31 10/21/22,23:44:31,  Traffic Stop,STATE ROUTE 13 S & N TRIPHAMMER RD; V LANSING ITHACA NY 14850,42.5054774,-76.490818
629,Traffic Cmplnt,19:29:34 10/21/22 - 19:31:12 10/21/22,19:29:34,  Assist NYSP with a traffic complaint.,N TRIPHAMMER RD; CROSSROADS BAR AND GRILL; T LANSING LANSING NY 14882,42.5320805,-76.4922323
632,Traffic Cmplnt,17:37:08 10/21/22 - 17:38:11 10/21/22,17:37:08,  Traffic complaint.,DOUGLAS RD; T NEWFIELD NEWFIELD NY 14867,42.389187,-76.613562
658,Traffic Offense,10:17:29 10/21/22 - 10:17:29 10/21/22,10:17:29,  Traffic stop,SLATERVILLE RD & BOICEVILLE RD; T CAROLINE SLATERVILLE SPR NY 14881,42.39380320000001,-76.36284049999999
659,Traffic Offense,10:17:29 10/21/22 - 10:17:29 10/21/22,10:17:29,  Traffic stop,SLATERVILLE RD & BOICEVILLE RD; T CAROLINE SLATERVILLE SPR NY 14881,42.39380320000001,-76.36284049999999
678,Traffic Offense,23:52:36 10/20/22 - 23:52:36 10/20/22,23:52:36,  Traffic stop,STATE ROUTE 13 N & N TRIPHAMMER RD; V LANSING ITHACA NY 14850,42.5054774,-76.490818
681,Traffic Offense,22:16:14 10/20/22 - 22:16:14 10/20/22,22:16:14,  TCSO conducted a traffic stop.,WARREN RD & BOMAX DR; V LANSING ITHACA NY 14850,42.490079,-76.467666
698,Traffic Cmplnt,16:08:33 10/20/22 - 16:09:24 10/20/22,16:08:33,  Traffic complaint.,STATE ROUTE 13 & HANSHAW RD; T DRYDEN ITHACA NY 14850,42.4774635,-76.4308381
717,Traffic Offense,06:43:50 10/20/22 - 06:43:50 10/20/22,06:43:50,  Traffic stop.,HALSEYVILLE RD & HAYTS RD; T ENFIELD ITHACA NY 14850,42.4651939,-76.63195
731,Traffic Cmplnt,22:38:38 10/19/22 - 22:45:13 10/19/22,22:38:38,  TCSO responded to a traffic complaint.,AUBURN RD & EAST LANSING RD; T LANSING GROTON NY 13073,42.5675832,-76.4929859
733,Traffic Offense,22:04:09 10/19/22 - 22:04:09 10/19/22,22:04:09,  TCSO conducted traffic stop.,WARREN RD; TOMPKINS COUNTY SHERIFF; V LANSING ITHACA NY 14850,42.487473,-76.4675177
735,Traffic Cmplnt,20:39:50 10/19/22 - 20:42:33 10/19/22,20:39:50,  Traffic complaint.,MAIN ST & FREEVILLE GROTON RD; V FREEVILLE FREEVILLE NY 13068,42.5139381,-76.34671279999999
748,Traffic Cmplnt,16:27:52 10/19/22 - 16:27:52 10/19/22,16:27:52,  Traffic Complaint.,AUBURN RD & BUCK RD; T LANSING GROTON NY 13073,42.55676709999999,-76.493909
755,Traffic Cmplnt,14:22:31 10/19/22 - 14:23:51 10/19/22,14:22:31,  Traffic complaint,NELSON RD; T DANBY ITHACA NY 14850,42.3862049,-76.4679369
758,Traffic Offense,13:52:03 10/19/22 - 13:52:03 10/19/22,13:52:03,  TCSO initiated a Traffic Stop.,SLATERVILLE RD & LANDON RD; T CAROLINE ITHACA NY 14850,42.3955019,-76.3979493
761,Traffic Cmplnt,13:00:28 10/19/22 - 13:01:58 10/19/22,13:00:28,  Traffic complaint.,PERUVILLE RD & BROWN RD; T GROTON GROTON NY 13073,42.5466541,-76.42178539999999
765,Traffic Offense,11:36:09 10/19/22 - 11:36:09 10/19/22,11:36:09,  Traffic stop.,PERUVILLE RD & BROWN RD; T GROTON GROTON NY 13073,42.5466541,-76.42178539999999
767,Traffic Offense,10:34:46 10/19/22 - 10:34:46 10/19/22,10:34:46,  TCSO initiated a Traffic Stop.,FALL CREEK RD & HERMAN RD; T DRYDEN; V FREEVILLE FREEVILLE NY 13068,42.517874,-76.3355868
768,Traffic Offense,10:30:38 10/19/22 - 10:30:38 10/19/22,10:30:38,  Deputy conducted a traffic stop.,ENFIELD MAIN RD; ENFIELD ELEMENTARY SCHOOL; T ENFIELD ITHACA NY 14850,42.4331109,-76.6319858
771,Traffic Offense,10:12:49 10/19/22 - 10:12:49 10/19/22,10:12:49,  Traffic offense.,N TRIPHAMMER RD; COLONIAL VET; V LANSING ITHACA NY 14850,42.5054774,-76.490818
775,Traffic Offense,05:04:35 10/19/22 - 05:04:35 10/19/22,05:04:35,  Traffic stop,DANBY RD & BUTTERMILK LN; T DANBY ITHACA NY 14850,42.3880304,-76.4946399
776,Traffic Offense,05:00:16 10/19/22 - 05:00:16 10/19/22,05:00:16,  Assist other agency.,W MAIN ST & MILL ST; V DRYDEN DRYDEN NY 13053,42.4904288,-76.3017079
778,Traffic Offense,03:41:26 10/19/22 - 03:41:26 10/19/22,03:41:26,  Traffic stop,ELMIRA RD & CARTER CREEK RD; T NEWFIELD NEWFIELD NY 14867,42.324138,-76.6564782
779,Traffic Offense,03:28:35 10/19/22 - 03:28:35 10/19/22,03:28:35,  Traffic Stop,ELMIRA RD; EDDYDALE FARM STAND; T ITHACA ITHACA NY 14850,42.362536,-76.5957859
782,Traffic Offense,01:05:43 10/19/22 - 01:05:43 10/19/22,01:05:43,  Assist other agency.,W MAIN ST & NORTH ST; V DRYDEN DRYDEN NY 13053,42.4905754,-76.2977401
784,Traffic Offense,00:31:02 10/19/22 - 00:31:02 10/19/22,00:31:02,  Traffic Stop,ELMIRA RD & BANK ST; T NEWFIELD NEWFIELD NY 14867,42.3612242,-76.5983823
787,Traffic Offense,21:46:29 10/18/22 - 21:46:29 10/18/22,21:46:29,  Traffic stop.,STATE ROUTE 13 & HANSHAW RD; T DRYDEN ITHACA NY 14850,42.4774635,-76.4308381
788,Traffic Offense,21:35:38 10/18/22 - 21:35:38 10/18/22,21:35:38,  Traffic stop.,WARREN RD & CHERRY RD; T LANSING ITHACA NY 14850,42.5010018,-76.4713022
791,Traffic Offense,20:56:10 10/18/22 - 20:56:10 10/18/22,20:56:10,  Traffic Stop,STATE ROUTE 13 & LOWER CREEK RD; T DRYDEN ITHACA NY 14850,42.4725103,-76.4212893
803,Traffic Offense,13:31:31 10/18/22 - 13:31:31 10/18/22,13:31:31,  Deputy conducted a traffic stop.,PINCKNEY RD; T DRYDEN ITHACA NY 14850,42.478841,-76.4065622
805,Traffic Offense,13:03:01 10/18/22 - 13:03:01 10/18/22,13:03:01,  Deputy conducted a traffic stop.,DRYDEN RD; WILLOW GLEN CEMETERY; T DRYDEN FREEVILLE NY 13068,42.5173595,-76.4036654
808,Traffic Cmplnt,12:12:03 10/18/22 - 12:16:55 10/18/22,12:12:03,  Assist.,TRUMANSBURG RD # ORCHARD; INDIAN CREEK FARM; T ITHACA ITHACA NY 14850,42.4914674,-76.5883927
815,Traffic Cmplnt,10:23:45 10/18/22 - 10:25:19 10/18/22,10:23:45,  Deputy responded to a traffic complaint.,N TRIPHAMMER RD & PYRAMID DR; V LANSING ITHACA NY 14850,42.48299799999999,-76.48512319999999
819,Traffic Offense,09:41:39 10/18/22 - 09:41:39 10/18/22,09:41:39,  Traffic stop.,BLOCK ENFIELD MAIN RD; T ENFIELD ITHACA NY 14850,42.4331109,-76.6319858
820,Traffic Offense,09:41:39 10/18/22 - 09:41:39 10/18/22,09:41:39,  Traffic stop.,BLOCK ENFIELD MAIN RD; T ENFIELD ITHACA NY 14850,42.4331109,-76.6319858
821,Traffic Offense,09:41:39 10/18/22 - 09:41:39 10/18/22,09:41:39,  Traffic stop.,BLOCK ENFIELD MAIN RD; T ENFIELD ITHACA NY 14850,42.4331109,-76.6319858
827,Traffic Offense,07:32:49 10/18/22 - 07:32:49 10/18/22,07:32:49,  Traffic stop.,MECKLENBURG RD; ENFIELD DOLLAR GENERAL; T ENFIELD ITHACA NY 14850,42.451756,-76.6057896
828,Traffic Offense,07:25:22 10/18/22 - 07:25:23 10/18/22,07:25:22,  Traffic stop.,HALSEYVILLE RD & AIKEN RD; T ENFIELD ITHACA NY 14850,42.4651939,-76.63195
833,Traffic Cmplnt,06:36:58 10/18/22 - 06:47:24 10/18/22,06:36:45,  Traffic complaint,W STATE ST; CHUCKS GAS MART INC; C ITHACA ITHACA NY 14850,42.4392893,-76.5072103
844,Traffic Offense,20:49:15 10/17/22 - 20:49:15 10/17/22,20:49:15,  Traffic Stop.,HICKORY HOLLOW LN; CIAO; V LANSING ITHACA NY 14850,42.4873626,-76.4890371
862,Traffic Offense,12:29:33 10/17/22 - 12:29:33 10/17/22,12:29:33,  TCSO initiated a Traffic Stop.,WEST DRYDEN RD & SHELDON RD; T DRYDEN FREEVILLE NY 13068,42.5170693,-76.4144638
867,Traffic Offense,10:05:41 10/17/22 - 10:05:41 10/17/22,10:05:41,  TCSO initiated a Traffic Stop.,UPPER CREEK RD & CASWELL RD; T DRYDEN FREEVILLE NY 13068,42.4935,-76.3741182
878,Traffic Offense,04:08:56 10/17/22 - 04:08:56 10/17/22,04:08:56,  Assist other agency.,HANSHAW RD & LOWER CREEK RD; T DRYDEN ITHACA NY 14850,42.4720374,-76.430492
879,Traffic Offense,04:08:56 10/17/22 - 04:08:56 10/17/22,04:08:56,  Assist other agency.,HANSHAW RD & LOWER CREEK RD; T DRYDEN ITHACA NY 14850,42.4720374,-76.430492
882,Traffic Offense,02:53:03 10/17/22 - 02:53:03 10/17/22,02:53:03,  Traffic stop.,STATE ROUTE 13 & SAPSUCKER WOODS RD; V LANSING ITHACA NY 14850,42.482845,-76.4548329
900,Traffic Offense,19:18:32 10/16/22 - 19:18:32 10/16/22,19:18:32,  Deputy conducted a traffic stop.,STATE ROUTE 13 & DRYDEN RD; T DRYDEN ITHACA NY 14850,42.4687236,-76.4091972
903,Traffic Offense,14:40:25 10/16/22 - 14:40:25 10/16/22,14:40:25,  Traffic stop.,STATE ROUTE 13 N & WARREN RD; V LANSING ITHACA NY 14850,42.4823694,-76.467225
910,Traffic Offense,09:33:47 10/16/22 - 09:33:48 10/16/22,09:33:47,  Traffic stop,DRYDEN RD & GRADUATE DR; T DRYDEN ITHACA NY 14850,42.4536184,-76.44267549999999
911,Traffic Offense,09:33:47 10/16/22 - 09:33:48 10/16/22,09:33:47,  Traffic stop,DRYDEN RD & GRADUATE DR; T DRYDEN ITHACA NY 14850,42.4536184,-76.44267549999999
929,Traffic Offense,01:28:38 10/16/22 - 01:28:39 10/16/22,01:28:38,  Traffic stop.,STATE ROUTE 13 & HANSHAW RD; T DRYDEN ITHACA NY 14850,42.4774635,-76.4308381
930,Traffic Offense,01:16:16 10/16/22 - 01:16:16 10/16/22,01:16:16,  Traffic stop.,DRYDEN RD & FOREST HOME DR; T DRYDEN ITHACA NY 14850,42.4531015,-76.4445006
931,Traffic Offense,01:07:48 10/16/22 - 01:07:48 10/16/22,01:07:48,  Traffic Stop,EAST SHORE CIR & EAST SHORE DR; T LANSING ITHACA NY 14850,42.5171544,-76.50750579999999
933,Traffic Offense,00:46:22 10/16/22 - 00:46:22 10/16/22,00:46:22,  Traffic stop.,DRYDEN RD & BAKER HILL RD; T DRYDEN ITHACA NY 14850,42.4673184,-76.4111296
934,Traffic Offense,00:38:32 10/16/22 - 00:38:32 10/16/22,00:38:32,  Traffic Offense.,ELMIRA RD & SAND BANK RD; T ITHACA ITHACA NY 14850,42.4170384,-76.525069
935,Traffic Offense,00:28:37 10/16/22 - 00:28:37 10/16/22,00:28:37,  Traffic offense. RPS/1234,EAST SHORE DR; THE RINK; T LANSING ITHACA NY 14850,42.4976514,-76.5098286
942,Traffic Offense,20:25:16 10/15/22 - 20:25:16 10/15/22,20:25:16,  Traffic Stop,ELMIRA RD & ENFIELD FALLS RD; T ITHACA ITHACA NY 14850,42.4041478,-76.5461474
944,Traffic Offense,20:09:38 10/15/22 - 20:09:38 10/15/22,20:09:38,  Traffic Stop,SEVEN MILE DR & PEACHTREE LN; T ITHACA ITHACA NY 14850,42.41754239999999,-76.5420997
945,Traffic Offense,19:53:06 10/15/22 - 19:53:06 10/15/22,19:53:06,  Traffic Stop,ELMIRA RD & ENFIELD FALLS RD; T ITHACA ITHACA NY 14850,42.4041478,-76.5461474
946,Traffic Offense,19:43:41 10/15/22 - 19:43:41 10/15/22,19:43:41,  Traffic stop.,FACTORY ST; V FREEVILLE FREEVILLE NY 13068,42.5117362,-76.3450553
953,Traffic Cmplnt,17:41:07 10/15/22 - 17:42:16 10/15/22,17:41:07,  TCSO responded to a traffic complaint.,EAST SHORE DR; V LANSING ITHACA NY 14850,42.4976514,-76.5098286
955,Traffic Offense,16:59:45 10/15/22 - 16:59:45 10/15/22,16:59:45,  Traffic stop.,WEST DRYDEN RD & CASWELL RD; T DRYDEN FREEVILLE NY 13068,42.5181806,-76.3754441
963,Traffic Cmplnt,12:29:12 10/15/22 - 12:30:37 10/15/22,12:29:12,  Traffic complaint.,DOUGLAS RD; T NEWFIELD NEWFIELD NY 14867,42.389187,-76.613562
978,Traffic Cmplnt,06:34:57 10/15/22 - 06:35:30 10/15/22,06:34:57,  Traffic complaint,WILSON RD & BRICKYARD RD; T LANSING LANSING NY 14882,42.54882689999999,-76.533637
979,Traffic Offense,06:04:41 10/15/22 - 06:04:41 10/15/22,06:04:41,  Traffic stop,RIDGE RD; LANSING HIGH SCHOOL; T LANSING LANSING NY 14882,42.5735549,-76.5781092
984,Traffic Offense,02:04:10 10/15/22 - 02:04:10 10/15/22,02:04:10,  Traffic Stop,WATERWAGON RD & EAST SHORE DR; T LANSING ITHACA NY 14850,42.5156638,-76.50836679999999
985,Traffic Offense,02:04:10 10/15/22 - 02:04:10 10/15/22,02:04:10,  Traffic Stop,WATERWAGON RD & EAST SHORE DR; T LANSING ITHACA NY 14850,42.5156638,-76.50836679999999
992,Traffic Offense,00:34:33 10/15/22 - 00:34:33 10/15/22,00:34:33,  Deputy assisted GPD,W GROTON RD & SPRING ST EXT; T GROTON GROTON NY 13073,42.5912692,-76.3828528
997,Traffic Offense,22:28:00 10/14/22 - 22:28:00 10/14/22,22:28:00,  Traffic stop.,DRYDEN RD & RINGWOOD RD; T DRYDEN FREEVILLE NY 13068,42.48507,-76.35485919999999
998,Traffic Offense,21:42:49 10/14/22 - 21:42:49 10/14/22,21:42:49,  Traffic offense for moving violations.,EAST SHORE DR; ROGUES HARBOR; T LANSING LANSING NY 14882,42.5295934,-76.500964
1013,Traffic Offense,17:03:28 10/14/22 - 17:03:28 10/14/22,17:03:28,  Traffic stop.,STATE ROUTE 13 N; ROUTE 13 AT ITHACA HIGH BALL FIELD ITHACA NY 14850,39.9161307,-82.40810309999999
1015,Traffic Cmplnt,16:33:27 10/14/22 - 16:36:05 10/14/22,16:33:27,  Traffic Complaint.,HARRIS B DATES DR # HOSP; CAYUGA MEDICAL CENTER; T ITHAC ITHACA NY 14850,42.4706755,-76.539689
1020,Traffic Offense,13:33:23 10/14/22 - 13:33:23 10/14/22,13:33:23,  Traffic Offense.,BALD HILL RD & DANBY RD; T DANBY ITHACA NY 14850,42.35245270000001,-76.48089569999999
1026,Traffic Cmplnt,10:46:35 10/14/22 - 10:47:18 10/14/22,10:46:35,  Traffic Complaint.,MECKLENBURG RD & BLACK OAK RD; T ENFIELD TRUMANSBURG NY 14886,42.449601,-76.670704
1029,Traffic Offense,10:11:59 10/14/22 - 10:11:59 10/14/22,10:11:59,  Traffic Offense.,ELMIRA RD & E BUTTERMILK FALLS RD; T ITHACA ITHACA NY 14850,42.4177012,-76.5234175
1033,Traffic Offense,08:42:03 10/14/22 - 08:42:03 10/14/22,08:42:03,  Traffic Stop,FALL CREEK RD; V FREEVILLE; T DRYDEN FREEVILLE NY 13068,42.5286482,-76.3187472
1054,Traffic Offense,02:53:32 10/14/22 - 02:53:32 10/14/22,02:53:32,  Traffic Stop,DRYDEN RD & YELLOW BARN RD; T DRYDEN FREEVILLE NY 13068,42.4870348,-76.3433364
1057,Traffic Offense,01:38:21 10/14/22 - 01:38:21 10/14/22,01:38:21,  Traffic Stop,CORTLAND RD & BAHAR DR; T DRYDEN DRYDEN NY 13053,42.5038055,-76.29782229999999
1060,Traffic Cmplnt,00:39:37 10/14/22 - 00:40:54 10/14/22,00:39:37,  Traffic complaint,DRYDEN RD & BAKER HILL RD; T DRYDEN ITHACA NY 14850,42.4673184,-76.4111296
1080,Traffic Cmplnt,16:59:31 10/13/22 - 17:02:01 10/13/22,16:59:30,  Traffic complaint.,WEST DRYDEN RD; T DRYDEN FREEVILLE NY 13068,42.5173595,-76.4036654
1086,Traffic Offense,14:08:44 10/13/22 - 14:08:44 10/13/22,14:08:44,  TCSO initiated a Traffic Stop.,EAST SHORE DR & BURDICK HILL RD; V LANSING ITHACA NY 14850,42.4978646,-76.5097833
1090,Traffic Offense,13:16:33 10/13/22 - 13:16:33 10/13/22,13:16:33,  Traffic stop.,W DANBY RD & BROWN RD; T NEWFIELD NEWFIELD NY 14867,42.346907,-76.540769
1091,Traffic Offense,13:16:33 10/13/22 - 13:16:33 10/13/22,13:16:33,  Traffic stop.,W DANBY RD & BROWN RD; T NEWFIELD NEWFIELD NY 14867,42.346907,-76.540769
1092,Traffic Offense,13:16:33 10/13/22 - 13:16:33 10/13/22,13:16:33,  Traffic stop.,W DANBY RD & BROWN RD; T NEWFIELD NEWFIELD NY 14867,42.346907,-76.540769
1095,Traffic Offense,12:22:53 10/13/22 - 12:22:53 10/13/22,12:22:53, ,W DANBY RD & BROWN RD; T NEWFIELD NEWFIELD NY 14867,42.346907,-76.540769
1096,Traffic stop.,12:19:53 10/13/22 - 12:20:48 10/13/22,12:19:53, ,POOLE CIR; VALLEY MANOR MOBILE HOME PARK; T NEWFIELD NEWFIELD NY 14867,42.365671,-76.557699
1097,Traffic Offense,11:45:59 10/13/22 - 11:45:59 10/13/22,11:45:59,  Traffic stop.,DEPOT WAY; VALLEY MANOR MOBILE HOME PARK; T NEWFIELD NEWFIELD NY 14867,42.3671786,-76.5569211
1118,Traffic Offense,00:55:56 10/13/22 - 00:55:56 10/13/22,00:55:56,  Deputy conducted a traffic stop.,ELMIRA RD & MAIN ST; T NEWFIELD NEWFIELD NY 14867,42.35237,-76.60833
1130,Traffic Offense,16:36:27 10/12/22 - 16:36:27 10/12/22,16:36:27,  Traffic Offense,S APPLEGATE RD & MECKLENBURG RD; T ENFIELD ITHACA NY 14850,42.4515725,-76.6113907
1136,Traffic Offense,14:19:59 10/12/22 - 14:19:59 10/12/22,14:19:59,  Traffic stop.,SEVEN MILE DR & BOSTWICK RD; T ITHACA ITHACA NY 14850,42.42245,-76.5378159
1137,Traffic Offense,14:19:59 10/12/22 - 14:19:59 10/12/22,14:19:59,  Traffic stop.,SEVEN MILE DR & BOSTWICK RD; T ITHACA ITHACA NY 14850,42.42245,-76.5378159
1138,Traffic Offense,14:19:59 10/12/22 - 14:19:59 10/12/22,14:19:59,  Traffic stop.,SEVEN MILE DR & BOSTWICK RD; T ITHACA ITHACA NY 14850,42.42245,-76.5378159
1139,Traffic Offense,14:19:59 10/12/22 - 14:19:59 10/12/22,14:19:59,  Traffic stop.,SEVEN MILE DR & BOSTWICK RD; T ITHACA ITHACA NY 14850,42.42245,-76.5378159
1140,Traffic Offense,13:42:19 10/12/22 - 13:42:19 10/12/22,13:42:19,  Traffic stop.,MAIN ST # HS; NEWFIELD HIGH SCHOOL; T NEWFIELD NEWFIELD NY 14867,42.3305111,-76.6181655
1141,Traffic Offense,13:42:19 10/12/22 - 13:42:19 10/12/22,13:42:19,  Traffic stop.,MAIN ST # HS; NEWFIELD HIGH SCHOOL; T NEWFIELD NEWFIELD NY 14867,42.3305111,-76.6181655
1142,Traffic Offense,13:42:19 10/12/22 - 13:42:19 10/12/22,13:42:19,  Traffic stop.,MAIN ST # HS; NEWFIELD HIGH SCHOOL; T NEWFIELD NEWFIELD NY 14867,42.3305111,-76.6181655
1147,Traffic Offense,12:11:41 10/12/22 - 12:11:41 10/12/22,12:11:41,  Traffic stop.,ELMIRA RD & FIVE MILE DR; T ITHACA ITHACA NY 14850,42.41444750000001,-76.53140669999999
1151,Traffic Offense,09:15:27 10/12/22 - 09:15:27 10/12/22,09:15:27,  Traffic stop.,ELMIRA RD; MCDONALDS; C ITHACA ITHACA NY 14850,42.362536,-76.5957859
1153,Traffic Offense,08:24:13 10/12/22 - 08:24:13 10/12/22,08:24:13, ,N TRIPHAMMER RD & STATE ROUTE 13 N; V LANSING ITHACA NY 14850,42.5054774,-76.490818
1158,Traffic Offense,03:57:16 10/12/22 - 03:57:16 10/12/22,03:57:16,  Traffic offense,ASBURY RD & COLLINS RD; T LANSING FREEVILLE NY 13068,42.5250511,-76.4639783
1167,Traffic Offense,00:55:58 10/12/22 - 00:55:58 10/12/22,00:55:58,  Traffic stop.,STATE ROUTE 13 & OLD DRYDEN RD; T VIRGIL CORTLAND COUNTY NY 13045,42.5358251,-76.2672584
1171,Traffic Offense,00:28:48 10/12/22 - 00:28:48 10/12/22,00:28:48,  Traffic stop.,HART RD & FREEVILLE RD; T DRYDEN FREEVILLE NY 13068,42.5057045,-76.3224689
1177,Traffic Offense,20:26:34 10/11/22 - 20:26:34 10/11/22,20:26:38,  Traffic Offense,SEVEN MILE DR; T ITHACA ITHACA NY 14850,42.4154635,-76.5419739
1178,Traffic Offense,20:26:34 10/11/22 - 20:26:34 10/11/22,20:26:38,  Traffic Offense,SEVEN MILE DR; T ITHACA ITHACA NY 14850,42.4154635,-76.5419739
1179,Traffic Offense,20:09:06 10/11/22 - 20:09:06 10/11/22,20:09:06,  Traffic Stop,FIVE MILE DR & GLENSIDE RD; T ITHACA ITHACA NY 14850,42.4286912,-76.52617579999999
1181,Traffic Offense,19:52:17 10/11/22 - 19:52:17 10/11/22,19:52:17,  Traffic Stop,FIVE MILE DR & GLENSIDE RD; T ITHACA ITHACA NY 14850,42.4286912,-76.52617579999999
1182,Traffic Cmplnt,19:41:23 10/11/22 - 19:43:16 10/11/22,19:41:22,  TCSO responded to a Traffic Complaint.,EAST SHORE DR & ESTY DR; T LANSING; V LANSING ITHACA NY 14850,42.4937592,-76.5111149
1185,Traffic Offense,18:12:34 10/11/22 - 18:12:34 10/11/22,18:12:34,  Deputy conducted a traffic stop.,DRYDEN RD & FOREST HOME DR; T DRYDEN ITHACA NY 14850,42.4531015,-76.4445006
1189,Traffic Offense,16:48:00 10/11/22 - 16:48:00 10/11/22,16:48:00,  Traffic Stop,TERRELL RD & PODUNK RD; T ULYSSES TRUMANSBURG NY 14886,42.508731,-76.655805
1191,Traffic Offense,16:31:16 10/11/22 - 16:31:16 10/11/22,16:31:16,  Deputy conducted a traffic stop.,E MALLORYVILLE RD & NORTH RD; T DRYDEN FREEVILLE NY 13068,42.53415529999999,-76.299854
1193,Traffic Cmplnt,16:01:03 10/11/22 - 16:02:54 10/11/22,16:01:03,  Traffic Complaint,TRUMANSBURG RD & E SENECA RD; T COVERT TRUMANSBURG NY 14886,42.5477629,-76.6573679
1220,Traffic Offense,05:49:08 10/11/22 - 05:49:08 10/11/22,05:49:08,  Traffic Offense.,SEVEN MILE DR & ELMIRA RD; T ITHACA ITHACA NY 14850,42.4084385,-76.5416492
1221,Traffic Offense,05:14:00 10/11/22 - 05:14:00 10/11/22,05:14:00,  Traffic Offense.,SEVEN MILE DR & ELMIRA RD; T ITHACA ITHACA NY 14850,42.4084385,-76.5416492
1229,Traffic Offense,01:02:30 10/11/22 - 01:02:30 10/11/22,01:02:30,  Traffic Offense.,ELMIRA RD & FIVE MILE DR; T ITHACA ITHACA NY 14850,42.41444750000001,-76.53140669999999
1230,Traffic Offense,00:41:11 10/11/22 - 00:41:11 10/11/22,00:41:11,  Traffic stop.,DRYDEN RD & GAME FARM RD; T DRYDEN; T ITHACA ITHACA NY 14850,42.4509196,-76.4494758
1236,Traffic Offense,20:48:56 10/10/22 - 20:48:56 10/10/22,20:48:56,  Traffic Offense.,ELMIRA RD & SEVEN MILE DR; T ITHACA ITHACA NY 14850,42.4084385,-76.5416492
1240,Traffic Offense,19:53:05 10/10/22 - 19:53:05 10/10/22,19:53:05,  traffic stop,N TRIPHAMMER RD & PERUVILLE RD; T LANSING LANSING NY 14882,42.5384399,-76.4926385
1242,Traffic Offense,19:29:14 10/10/22 - 19:29:14 10/10/22,19:29:14,  Traffic stop.,FOREST HOME DR & DRYDEN RD; T DRYDEN ITHACA NY 14850,42.4531015,-76.4445006
1243,Traffic Offense,19:24:20 10/10/22 - 19:24:20 10/10/22,19:24:20,  traffic stop,CORTLAND RD & OGDEN RD; T GROTON GROTON NY 13073,42.5937895,-76.27222789999999
1246,Traffic Offense,18:44:40 10/10/22 - 18:44:40 10/10/22,18:44:40,  traffic stop,WARREN RD & CHERRY RD; T LANSING ITHACA NY 14850,42.5010018,-76.4713022
1257,Traffic Offense,13:43:11 10/10/22 - 13:43:11 10/10/22,13:43:11,  Traffic stop.,N MEADOW ST & THIRD ST; C ITHACA ITHACA NY 14850,42.4483518,-76.50667039999999
1258,Traffic Offense,13:43:11 10/10/22 - 13:43:11 10/10/22,13:43:11,  Traffic stop.,N MEADOW ST & THIRD ST; C ITHACA ITHACA NY 14850,42.4483518,-76.50667039999999
1259,Traffic Offense,13:43:11 10/10/22 - 13:43:11 10/10/22,13:43:11,  Traffic stop.,N MEADOW ST & THIRD ST; C ITHACA ITHACA NY 14850,42.4483518,-76.50667039999999
1260,Traffic Offense,13:43:11 10/10/22 - 13:43:11 10/10/22,13:43:11,  Traffic stop.,N MEADOW ST & THIRD ST; C ITHACA ITHACA NY 14850,42.4483518,-76.50667039999999
1261,Traffic Offense,13:43:11 10/10/22 - 13:43:11 10/10/22,13:43:11,  Traffic stop.,N MEADOW ST & THIRD ST; C ITHACA ITHACA NY 14850,42.4483518,-76.50667039999999
1273,Traffic Offense,09:36:25 10/10/22 - 09:36:25 10/10/22,09:36:25,  Traffic stop.,SALT RD & ELM ST EXT; T GROTON GROTON NY 13073,42.5850352,-76.32394359999999
1274,Traffic Offense,09:36:25 10/10/22 - 09:36:25 10/10/22,09:36:25,  Traffic stop.,SALT RD & ELM ST EXT; T GROTON GROTON NY 13073,42.5850352,-76.32394359999999
1275,Traffic Offense,09:36:25 10/10/22 - 09:36:25 10/10/22,09:36:25,  Traffic stop.,SALT RD & ELM ST EXT; T GROTON GROTON NY 13073,42.5850352,-76.32394359999999
1276,Traffic Offense,09:36:25 10/10/22 - 09:36:25 10/10/22,09:36:25,  Traffic stop.,SALT RD & ELM ST EXT; T GROTON GROTON NY 13073,42.5850352,-76.32394359999999
1278,Traffic Cmplnt,08:23:05 10/10/22 - 08:25:10 10/10/22,08:23:05,  Traffic complaint,DAVIS RD & CHAMPLIN RD; T GROTON GROTON NY 13073,42.573594,-76.29699149999999
1285,Traffic Offense,02:10:26 10/10/22 - 02:10:26 10/10/22,02:10:26,  Traffic Stop.,PERUVILLE RD; MIRABITO; T LANSING LANSING NY 14882,42.538846,-76.481776
1286,Traffic Offense,01:50:00 10/10/22 - 01:50:00 10/10/22,01:50:00,  Traffic Stop,RIDGE RD & ROSS RD; T LANSING LANSING NY 14882,42.5688512,-76.574004
1288,Traffic Offense,01:39:29 10/10/22 - 01:39:29 10/10/22,01:39:29,  Traffic Stop,RIDGE RD & LANSINGVILLE RD; T LANSING LANSING NY 14882,42.5567716,-76.5480809
1291,Traffic Offense,00:51:49 10/10/22 - 00:51:49 10/10/22,00:51:49,  Traffic Stop.,N TRIPHAMMER RD; CROSSROADS BAR AND GRILL; T LANSING LANSING NY 14882,42.5320805,-76.4922323
1295,Traffic Offense,00:07:46 10/10/22 - 00:07:46 10/10/22,00:07:46,  Traffic Stop,PERUVILLE RD & BENSON RD; T LANSING FREEVILLE NY 13068,42.5391917,-76.4712818
1299,Traffic Offense,21:59:43 10/09/22 - 21:59:43 10/09/22,21:59:43,  traffic stop,PERUVILLE RD & PERU RD; T GROTON GROTON NY 13073,42.5482062,-76.3616439
1303,Traffic Offense,19:32:54 10/09/22 - 19:32:54 10/09/22,19:32:54,  Deputy conducted a traffic stop.,LOWER CREEK RD & STATE ROUTE 13; T DRYDEN ITHACA NY 14850,42.4725103,-76.4212893
1313,Traffic Offense,10:48:30 10/09/22 - 10:48:30 10/09/22,10:48:30,  Deputy conducted a traffic stop.,WEST DRYDEN RD & WOOD RD; T DRYDEN FREEVILLE NY 13068,42.51762189999999,-76.3941531
1314,Traffic Offense,10:41:39 10/09/22 - 10:41:39 10/09/22,10:41:39,  Deputy conducted a traffic stop.,BROOKLYN RD & GROTON RD; V FREEVILLE FREEVILLE NY 13068,42.5187529,-76.3547083
1321,Traffic Offense,05:56:31 10/09/22 - 05:56:32 10/09/22,05:56:31,  Traffic stop,ELMIRA RD & TRUMBULLS CORNERS RD; T NEWFIELD NEWFIELD NY 14867,42.3545699,-76.605648
1322,Traffic Offense,05:39:58 10/09/22 - 05:39:58 10/09/22,05:39:58,  Traffic stop,ELMIRA RD; SMILEYS CITGO; T NEWFIELD NEWFIELD NY 14867,42.3545699,-76.605648
1325,Traffic Offense,02:48:06 10/09/22 - 02:48:06 10/09/22,02:48:06,  Traffic Stop,ELMIRA RD; LITTLES LAWN EQUIPMENT; T NEWFIELD NEWFIELD NY 14867,42.3545699,-76.605648
1327,Traffic Offense,02:26:14 10/09/22 - 02:26:14 10/09/22,02:26:14,  Traffic Stop,ELMIRA RD; T ITHACA ITHACA NY 14850,42.362536,-76.5957859
1328,Traffic Offense,02:16:13 10/09/22 - 02:16:13 10/09/22,02:16:13,  Traffic Stop,ELMIRA RD & ENFIELD FALLS RD; T ITHACA ITHACA NY 14850,42.4041478,-76.5461474
1330,Traffic Offense,01:35:19 10/09/22 - 01:35:19 10/09/22,01:35:19,  Traffic Offense.,WARREN RD & STATE ROUTE 13 N; V LANSING ITHACA NY 14850,42.4823694,-76.467225
1331,Traffic Offense,01:35:19 10/09/22 - 01:35:19 10/09/22,01:35:19,  Traffic Offense.,WARREN RD & STATE ROUTE 13 N; V LANSING ITHACA NY 14850,42.4823694,-76.467225
1332,Traffic Offense,01:35:19 10/09/22 - 01:35:19 10/09/22,01:35:19,  Traffic Offense.,WARREN RD & STATE ROUTE 13 N; V LANSING ITHACA NY 14850,42.4823694,-76.467225
1333,Traffic Offense,01:35:19 10/09/22 - 01:35:19 10/09/22,01:35:19,  Traffic Offense.,WARREN RD & STATE ROUTE 13 N; V LANSING ITHACA NY 14850,42.4823694,-76.467225
1334,Traffic Offense,01:35:19 10/09/22 - 01:35:19 10/09/22,01:35:19,  Traffic Offense.,WARREN RD & STATE ROUTE 13 N; V LANSING ITHACA NY 14850,42.4823694,-76.467225
1336,Traffic Offense,00:17:05 10/09/22 - 00:17:05 10/09/22,00:17:05,  Traffic Stop,TAUGHANNOCK BLVD & KRAFT RD; T ULYSSES ITHACA NY 14850,42.4817143,-76.5352388
1340,Traffic Offense,23:50:28 10/08/22 - 23:50:28 10/08/22,23:50:28,  Traffic Stop,HARRIS B DATES DR # HOSP; CAYUGA MEDICAL CENTER ITHACA NY 14850,42.4706755,-76.539689
1341,Traffic Offense,21:35:31 10/08/22 - 21:35:31 10/08/22,21:35:31,  traffic stop,CORTLAND RD & SALT RD; T GROTON GROTON NY 13073,42.5924679,-76.3241929
1343,Traffic Offense,19:57:45 10/08/22 - 19:57:45 10/08/22,19:57:45,  Traffic Offense.,TAUGHANNOCK BLVD; T ULYSSES; T ITHACA ITHACA NY 14850,42.4817143,-76.5352388
1345,Traffic Offense,19:50:05 10/08/22 - 19:50:05 10/08/22,19:50:05,  Deputy conducted a traffic stop and made an arrest.,DRYDEN RD & BAKER HILL RD; T DRYDEN ITHACA NY 14850,42.4673184,-76.4111296
1346,Traffic Offense,19:50:05 10/08/22 - 19:50:05 10/08/22,19:50:05,  Deputy conducted a traffic stop and made an arrest.,DRYDEN RD & BAKER HILL RD; T DRYDEN ITHACA NY 14850,42.4673184,-76.4111296
1347,Traffic Offense,19:24:47 10/08/22 - 19:24:47 10/08/22,19:24:47,  TCSO conducted a traffic stop.,STATE ROUTE 13 & HANSHAW RD; T DRYDEN ITHACA NY 14850,42.4774635,-76.4308381
1348,Traffic Offense,19:18:29 10/08/22 - 19:18:29 10/08/22,19:18:29,  traffic stop,COBB ST & PERUVILLE RD; T DRYDEN GROTON NY 13073,42.5436866,-76.4388672
1349,Traffic Offense,19:11:09 10/08/22 - 19:11:09 10/08/22,19:11:09,  TCSO conducted a traffic stop.,STATE ROUTE 13 N & WARREN RD; V LANSING ITHACA NY 14850,42.4823694,-76.467225
1351,Traffic Offense,18:08:44 10/08/22 - 18:08:44 10/08/22,18:08:44,  Traffic stop.,EAST SHORE DR; THE RINK; T LANSING ITHACA NY 14850,42.4976514,-76.5098286
1352,Traffic Offense,17:55:52 10/08/22 - 17:55:52 10/08/22,17:55:52,  Traffic Offense.,W DANBY RD & THOMAS RD; T NEWFIELD NEWFIELD NY 14867,42.3567067,-76.5476718
1353,Traffic Offense,17:41:38 10/08/22 - 17:41:38 10/08/22,17:41:38,  Deputy conducted a traffic stop.,WARREN RD & HANSHAW RD; T ITHACA ITHACA NY 14850,42.4671175,-76.46602700000001
1358,Traffic Offense,16:56:52 10/08/22 - 16:56:52 10/08/22,16:56:52,  traffic stop,WARREN DR & HILLCREST RD; T LANSING ITHACA NY 14850,42.50507,-76.4715761
1359,Traffic Offense,16:35:44 10/08/22 - 16:35:44 10/08/22,16:35:44,  Traffic Offense.,W BUFFALO ST; CHEMUNG CANAL TRUST COMPANY; C ITHACA ITHACA NY 14850,42.441082,-76.50672
1376,Traffic Cmplnt,08:04:27 10/08/22 - 08:06:04 10/08/22,08:04:27,  Deputy responded to a traffic complaint.,DRYDEN RD & MAIN ST; T DRYDEN FREEVILLE NY 13068,42.4763411,-76.3871935
1377,Traffic Cmplnt,08:04:27 10/08/22 - 08:06:04 10/08/22,08:04:27,  Deputy responded to a traffic complaint.,DRYDEN RD & MAIN ST; T DRYDEN FREEVILLE NY 13068,42.4763411,-76.3871935
1378,Traffic Cmplnt,08:04:27 10/08/22 - 08:06:04 10/08/22,08:04:27,  Deputy responded to a traffic complaint.,DRYDEN RD & MAIN ST; T DRYDEN FREEVILLE NY 13068,42.4763411,-76.3871935
1379,Traffic Cmplnt,08:04:27 10/08/22 - 08:06:04 10/08/22,08:04:27,  Deputy responded to a traffic complaint.,DRYDEN RD & MAIN ST; T DRYDEN FREEVILLE NY 13068,42.4763411,-76.3871935
1380,Traffic Cmplnt,08:04:27 10/08/22 - 08:06:04 10/08/22,08:04:27,  Deputy responded to a traffic complaint.,DRYDEN RD & MAIN ST; T DRYDEN FREEVILLE NY 13068,42.4763411,-76.3871935
1384,Traffic Offense,05:12:31 10/08/22 - 05:12:31 10/08/22,05:12:31,  Traffic Stop,ELMIRA RD & ENFIELD FALLS RD; T ITHACA ITHACA NY 14850,42.4041478,-76.5461474
1387,Traffic Offense,04:08:42 10/08/22 - 04:08:42 10/08/22,04:08:42,  Traffic Stop,ELMIRA RD; KFC; C ITHACA ITHACA NY 14850,42.362536,-76.5957859
1390,Traffic Offense,03:13:49 10/08/22 - 03:13:49 10/08/22,03:13:49,  Traffic stop,ELMIRA RD & DECKER RD; T NEWFIELD NEWFIELD NY 14867,42.393481,-76.55390919999999
1391,Traffic Offense,02:56:44 10/08/22 - 02:56:44 10/08/22,02:56:44,  Traffic Stop,ELMIRA RD & FIVE MILE DR; T ITHACA ITHACA NY 14850,42.41444750000001,-76.53140669999999
1396,Traffic Offense,01:01:12 10/08/22 - 01:01:12 10/08/22,01:01:12,  Traffic stop.,BLOCK FREEVILLE RD; T DRYDEN; V DRYDEN DRYDEN NY 13053,42.4991556,-76.3185152
1398,Traffic Offense,00:44:58 10/08/22 - 00:44:58 10/08/22,00:44:58,  Traffic offense,STATE ROUTE 13 N & WARREN RD; V LANSING ITHACA NY 14850,42.4823694,-76.467225
1400,Traffic Offense,00:24:38 10/08/22 - 00:24:39 10/08/22,00:24:38,  Traffic stop.,N TRIPHAMMER RD & GRAHAM RD; V LANSING ITHACA NY 14850,42.4861501,-76.48729949999999
1401,Traffic Offense,00:24:38 10/08/22 - 00:24:39 10/08/22,00:24:38,  Traffic stop.,N TRIPHAMMER RD & GRAHAM RD; V LANSING ITHACA NY 14850,42.4861501,-76.48729949999999
1402,Traffic Offense,00:24:38 10/08/22 - 00:24:39 10/08/22,00:24:38,  Traffic stop.,N TRIPHAMMER RD & GRAHAM RD; V LANSING ITHACA NY 14850,42.4861501,-76.48729949999999
1403,Traffic Offense,00:24:38 10/08/22 - 00:24:39 10/08/22,00:24:38,  Traffic stop.,N TRIPHAMMER RD & GRAHAM RD; V LANSING ITHACA NY 14850,42.4861501,-76.48729949999999
1405,Traffic Offense,23:58:20 10/07/22 - 23:58:20 10/07/22,23:58:20,  Traffic stop.,DRYDEN RD & ETNA LN; T DRYDEN FREEVILLE NY 13068,42.4800942,-76.3763018
1410,Traffic Offense,21:21:30 10/07/22 - 21:21:30 10/07/22,21:21:30,  Traffic stop.,N TRIPHAMMER RD # TOPS; TOPS FRIENDLY MARKETS ITHACA NY 14850,42.5054774,-76.490818
1411,Traffic Offense,21:14:31 10/07/22 - 21:14:31 10/07/22,21:14:31,  Traffic stop.,DART DR & WARREN RD; V LANSING ITHACA NY 14850,42.4834027,-76.4673571
1413,Traffic Offense,21:04:27 10/07/22 - 21:04:27 10/07/22,21:04:27,  Traffic stop.,SAPSUCKER WOODS RD & SANCTUARY DR; T ITHACA ITHACA NY 14850,42.472836,-76.450311
1415,Traffic Cmplnt,19:59:26 10/07/22 - 20:02:56 10/07/22,19:59:26,  Traffic complaint.,EAST SHORE DR & CAYUGA HEIGHTS RD; V LANSING ITHACA NY 14850,42.4968768,-76.5100846
1417,Traffic Offense,19:41:26 10/07/22 - 19:41:26 10/07/22,19:41:26,  Traffic stop.,WARREN DR & HILLCREST RD; T LANSING ITHACA NY 14850,42.50507,-76.4715761
1418,Traffic Cmplnt,19:13:07 10/07/22 - 19:14:03 10/07/22,19:13:07,  Deputy responded to a traffic complaint.,N TRIPHAMMER RD & N TRIPHAMMER RD ENTRANCE RAMP; V LANSING ITHACA NY 14850,42.5054774,-76.490818
1422,Traffic Offense,17:52:20 10/07/22 - 17:52:20 10/07/22,17:52:20,  Deputy conducted a traffic stop and made an arrest.,STATE ROUTE 13 S; ROUTE 13 AT STEWART PARK; T ITHACA ITHACA NY 14850,42.3964701,-76.5460386
1423,Traffic Offense,17:52:20 10/07/22 - 17:52:20 10/07/22,17:52:20,  Deputy conducted a traffic stop and made an arrest.,STATE ROUTE 13 S; ROUTE 13 AT STEWART PARK; T ITHACA ITHACA NY 14850,42.3964701,-76.5460386
1431,Traffic Cmplnt,15:20:12 10/07/22 - 15:20:56 10/07/22,15:20:12,  Deputy responded to a traffic complaint.,STATE ROUTE 13 N & CAYUGA HEIGHTS RD; V LANSING ITHACA NY 14850,42.3964701,-76.5460386
1433,Traffic Cmplnt,13:34:43 10/07/22 - 13:36:51 10/07/22,13:34:43,  Traffic complaint.,PERUVILLE RD & COBB ST; T DRYDEN GROTON NY 13073,42.5436866,-76.4388672
1436,Traffic Offense,12:11:03 10/07/22 - 12:11:03 10/07/22,12:11:03,  Traffic stop.,ENFIELD MAIN RD & TRUMBULLS CORNERS RD; T ENFIELD ITHACA NY 14850,42.4149845,-76.6263089
1437,Traffic Offense,11:50:00 10/07/22 - 11:50:00 10/07/22,11:50:00,  Deputy conducted a traffic stop.,STATE ROUTE 13 N & WARREN RD; V LANSING ITHACA NY 14850,42.4823694,-76.467225
1447,Traffic Offense,09:12:02 10/07/22 - 09:12:02 10/07/22,09:12:02,  Traffic stop.,ELMIRA RD & DECKER RD; T NEWFIELD NEWFIELD NY 14867,42.393481,-76.55390919999999
1448,Traffic Offense,09:12:02 10/07/22 - 09:12:02 10/07/22,09:12:02,  Traffic stop.,ELMIRA RD & DECKER RD; T NEWFIELD NEWFIELD NY 14867,42.393481,-76.55390919999999
1449,Traffic Offense,09:12:02 10/07/22 - 09:12:02 10/07/22,09:12:02,  Traffic stop.,ELMIRA RD & DECKER RD; T NEWFIELD NEWFIELD NY 14867,42.393481,-76.55390919999999
1450,Traffic Offense,09:12:02 10/07/22 - 09:12:02 10/07/22,09:12:02,  Traffic stop.,ELMIRA RD & DECKER RD; T NEWFIELD NEWFIELD NY 14867,42.393481,-76.55390919999999
1453,Traffic Offense,06:25:42 10/07/22 - 06:25:42 10/07/22,06:25:42,  Traffic stop.,ELMIRA RD & MAIN ST; T NEWFIELD NEWFIELD NY 14867,42.35237,-76.60833
1457,Traffic Cmplnt,00:45:43 10/07/22 - 00:47:41 10/07/22,00:45:43,  Traffic Complaint.,SAPSUCKER WOODS RD UNIT 2B; T ITHACA ITHACA NY 14850,42.4756048,-76.4504304
1463,Traffic Offense,20:44:18 10/06/22 - 20:44:18 10/06/22,20:44:18,  Traffic Offense.,STATE ROUTE 13 & BROWN RD; V LANSING ITHACA NY 14850,42.482845,-76.4548329
1465,Traffic Offense,20:36:51 10/06/22 - 20:36:51 10/06/22,20:36:51,  Deputy conducted a traffic stop.,MAIN ST & ELMIRA RD; T NEWFIELD NEWFIELD NY 14867,42.3527664,-76.6086472
1479,Traffic Offense,11:45:45 10/06/22 - 11:45:45 10/06/22,11:45:45,  Deputy conducted a traffic stop.,STATE ROUTE 13 & HANSHAW RD; T DRYDEN ITHACA NY 14850,42.4774635,-76.4308381
1486,Traffic Offense,10:13:33 10/06/22 - 10:13:33 10/06/22,10:13:33,  Deputy conducted a traffic stop.,SLATERVILLE RD & BUFFALO RD; T CAROLINE SLATERVILLE SPR NY 14881,42.39384860000001,-76.34506669999999
1496,Traffic Offense,05:04:35 10/06/22 - 05:04:35 10/06/22,05:04:35,  Traffic Offense.,FALL CREEK RD & LEISURE LN; T DRYDEN FREEVILLE NY 13068,42.5232734,-76.3243037
1497,Traffic Offense,04:52:30 10/06/22 - 04:52:30 10/06/22,04:52:30,  Traffic Offense.,FALL CREEK RD & LEISURE LN; T DRYDEN FREEVILLE NY 13068,42.5232734,-76.3243037
1503,Traffic Offense,23:57:31 10/05/22 - 23:57:31 10/05/22,23:57:31,  Traffic stop.,ELMIRA RD & SAND BANK RD; T ITHACA ITHACA NY 14850,42.4170384,-76.525069
1504,Traffic Cmplnt,23:52:39 10/05/22 - 23:52:39 10/05/22,23:52:39,  Suspicious vehicle.,SAND BANK RD; T ITHACA ITHACA NY 14850,42.4057382,-76.5280003
1507,Traffic Offense,22:37:17 10/05/22 - 22:37:17 10/05/22,22:37:17,  Traffic Stop,ELMIRA RD & BULL HILL RD; T NEWFIELD NEWFIELD NY 14867,42.317199,-76.6648226
1508,Traffic Offense,22:37:17 10/05/22 - 22:37:17 10/05/22,22:37:17,  Traffic Stop,ELMIRA RD & BULL HILL RD; T NEWFIELD NEWFIELD NY 14867,42.317199,-76.6648226
1510,Traffic Offense,22:17:44 10/05/22 - 22:17:44 10/05/22,22:17:44,  Traffic Stop,ELMIRA RD; T NEWFIELD; T ITHACA NEWFIELD NY 14867,42.3545699,-76.605648
1513,Traffic Offense,21:38:34 10/05/22 - 21:38:34 10/05/22,21:38:34,  Traffic Stop,ELMIRA RD & BURDGE HILL RD; T NEWFIELD NEWFIELD NY 14867,42.3663977,-76.586438
1514,Traffic Cmplnt,21:24:31 10/05/22 - 21:27:30 10/05/22,21:24:31,  Traffic complaint.,DRYDEN RD; MIRABITO; T DRYDEN FREEVILLE NY 13068,42.5173595,-76.4036654
1515,Traffic Cmplnt,21:24:31 10/05/22 - 21:27:30 10/05/22,21:24:31,  Traffic complaint.,DRYDEN RD; MIRABITO; T DRYDEN FREEVILLE NY 13068,42.5173595,-76.4036654
1516,Traffic Offense,21:06:22 10/05/22 - 21:06:22 10/05/22,21:06:22,  Deputies conducted a stop for Inoperable tail lamp.,BLOCK FLORAL AVE; C ITHACA ITHACA NY 14850,42.4351342,-76.5190315
1526,Traffic Offense,17:31:32 10/05/22 - 17:31:32 10/05/22,17:31:32,  Traffic Stop,ELMIRA RD & TRUMBULLS CORNERS RD; T NEWFIELD NEWFIELD NY 14867,42.3545699,-76.605648
1530,Traffic Cmplnt,16:50:18 10/05/22 - 16:51:37 10/05/22,16:50:18,  traffic complaint,EAST SHORE DR ENTRANCE RAMP & EAST SHORE DR ENTRANCE RAMP; T ITHACA NY 14850,42.4976514,-76.5098286
1541,Traffic Offense,11:56:40 10/05/22 - 11:56:40 10/05/22,11:56:40,  Traffic Offense.,OAKCREST RD & N TRIPHAMMER RD; V LANSING ITHACA NY 14850,42.4880821,-76.4886044
1545,Traffic Offense,10:37:28 10/05/22 - 10:37:28 10/05/22,10:37:28,  Deputy conducted a traffic stop.,SLATERVILLE RD; HUNTS AUTO; T CAROLINE SLATERVILLE SPR NY 14881,42.3939109,-76.3506049
1555,Traffic Cmplnt,06:28:19 10/05/22 - 06:28:19 10/05/22,06:28:19,  Traffic Complaint,N TRIPHAMMER RD; T LANSING ITHACA NY 14850,42.5054774,-76.490818
1558,Traffic Offense,02:34:20 10/05/22 - 02:34:20 10/05/22,02:34:20,  Traffic Stop,ELMIRA RD & TRUMBULLS CORNERS RD; T NEWFIELD NEWFIELD NY 14867,42.3545699,-76.605648
1559,Traffic Offense,02:34:20 10/05/22 - 02:34:20 10/05/22,02:34:20,  Traffic Stop,ELMIRA RD & TRUMBULLS CORNERS RD; T NEWFIELD NEWFIELD NY 14867,42.3545699,-76.605648
1561,Traffic Offense,02:25:17 10/05/22 - 02:25:17 10/05/22,02:25:17,  Traffic Stop,ELMIRA RD; CHARLIES TOWING AND REPAIRING; T NEWFIELD NEWFIELD NY 14867,42.3545699,-76.605648
1563,Traffic Offense,01:28:15 10/05/22 - 01:28:15 10/05/22,01:28:15,  Traffic Stop,ELMIRA RD & BULL HILL RD; T NEWFIELD NEWFIELD NY 14867,42.317199,-76.6648226
1565,Traffic Offense,00:59:19 10/05/22 - 00:59:19 10/05/22,00:59:19,  Traffic Stop,ELMIRA RD & CARTER CREEK RD; T NEWFIELD NEWFIELD NY 14867,42.324138,-76.6564782
1566,Traffic Offense,00:58:08 10/05/22 - 00:58:08 10/05/22,00:58:08,  Traffic stop.,W MAIN ST & HILTON RD; V DRYDEN DRYDEN NY 13053,42.4901382,-76.3114198
1567,Traffic Offense,00:45:46 10/05/22 - 00:45:46 10/05/22,00:45:46,  Traffic Stop,ELMIRA RD & MAZOUREK RD; T NEWFIELD NEWFIELD NY 14867,42.3289169,-76.6461169
1570,Traffic Offense,00:20:43 10/05/22 - 00:20:43 10/05/22,00:20:43,  Traffic Stop,N TRIPHAMMER RD & CRAFT RD; V LANSING ITHACA NY 14850,42.4904743,-76.48972499999999
1573,Traffic Offense,21:41:48 10/04/22 - 21:41:48 10/04/22,21:41:48,  Traffic Stop,WARREN RD & BROWN RD; V LANSING ITHACA NY 14850,42.4871522,-76.4675548
1574,Traffic Offense,21:37:35 10/04/22 - 21:37:35 10/04/22,21:37:35,  Deputy conducted a traffic stop.,STATE ROUTE 13 S & WARREN RD; V LANSING ITHACA NY 14850,42.4823694,-76.467225
1575,Traffic Offense,21:16:04 10/04/22 - 21:16:04 10/04/22,21:16:04,  Traffic offense.,FIVE MILE DR & BOSTWICK RD; T ITHACA ITHACA NY 14850,42.4224419,-76.5291647
1576,Traffic Offense,21:03:04 10/04/22 - 21:03:04 10/04/22,21:03:04,  Deputy conducted a traffic stop.,STATE ROUTE 13 & BROWN RD; V LANSING ITHACA NY 14850,42.482845,-76.4548329
1577,Traffic Offense,20:50:13 10/04/22 - 20:50:13 10/04/22,20:50:13,  Deputy conducted a traffic stop.,PINE TREE RD & DRYDEN RD; T ITHACA CORNELL UNIV NY 14853,42.4436656,-76.470388
1578,Traffic Offense,20:11:53 10/04/22 - 20:11:53 10/04/22,20:11:53,  Traffic offense.,WARREN RD & UPTOWN RD; V LANSING; T ITHACA ITHACA NY 14850,42.4786222,-76.4670763
1580,Traffic Cmplnt,20:01:40 10/04/22 - 20:03:24 10/04/22,20:01:40,  TCSO investigated a traffic complaint.,STATE ROUTE 13 S; ROUTE 13 AT STEWART PARK; T ITHACA ITHACA NY 14850,42.3964701,-76.5460386
1584,Traffic Cmplnt,18:27:24 10/04/22 - 18:27:24 10/04/22,18:27:29,  traffic complaint,STEVENS RD & PERU RD; T GROTON GROTON NY 13073,42.5627891,-76.36423889999999
1586,Traffic Offense,18:04:28 10/04/22 - 18:04:28 10/04/22,18:04:28,  Deputy conducted a traffic stop.,SOUTH ST & FERGUSON RD; V DRYDEN DRYDEN NY 13053,42.4832674,-76.2972795
1590,Traffic Offense,17:26:43 10/04/22 - 17:26:43 10/04/22,17:26:43,  Traffic Stop,MAIN ST & TRUMBULLS CORNERS RD; T NEWFIELD NEWFIELD NY 14867,42.3850132,-76.6326883
1607,Traffic Cmplnt,09:05:18 10/04/22 - 09:06:31 10/04/22,09:05:18,  Traffic complaint.,SHEFFIELD RD & MECKLENBURG RD; T ENFIELD ITHACA NY 14850,42.4473648,-76.57123519999999
1609,Traffic Cmplnt,08:19:33 10/04/22 - 08:21:41 10/04/22,08:19:33,  Traffic complaint.,LUDLOWVILLE RD; LANSING MIDDLE SCHOOL; T LANSING LANSING NY 14882,42.5496319,-76.537735
1610,Traffic Offense,08:13:42 10/04/22 - 08:13:42 10/04/22,08:13:42,  Traffic stop.,HALSEYVILLE RD & AIKEN RD; T ENFIELD ITHACA NY 14850,42.4651939,-76.63195
1613,Traffic Cmplnt,06:23:17 10/04/22 - 06:25:00 10/04/22,06:23:17,  Traffic complaint.,STATE ROUTE 13 N & CAYUGA HEIGHTS RD; V LANSING ITHACA NY 14850,42.3964701,-76.5460386
1620,Traffic Offense,01:36:00 10/04/22 - 01:36:00 10/04/22,01:36:00,  Traffic Stop,COLUMBIA ST & S AURORA ST; C ITHACA ITHACA NY 14850,42.4358049,-76.49468
1621,Traffic Offense,00:59:11 10/04/22 - 00:59:11 10/04/22,00:59:11,  Traffic stop.,W MAIN ST; DRYDEN HOTEL; V DRYDEN DRYDEN NY 13053,42.4903136,-76.3055864
1622,Traffic Offense,00:59:11 10/04/22 - 00:59:11 10/04/22,00:59:11,  Traffic stop.,W MAIN ST; DRYDEN HOTEL; V DRYDEN DRYDEN NY 13053,42.4903136,-76.3055864
1626,Traffic Offense,00:26:22 10/04/22 - 00:26:22 10/04/22,00:26:22,  Traffic stop.,DRYDEN RD; MIRABITO; T DRYDEN FREEVILLE NY 13068,42.5173595,-76.4036654
1627,Traffic Offense,00:18:26 10/04/22 - 00:18:26 10/04/22,00:18:26,  Traffic Offense.,ELMIRA RD & SAND BANK RD; T ITHACA ITHACA NY 14850,42.4170384,-76.525069
1630,Traffic Offense,22:04:40 10/03/22 - 22:04:40 10/03/22,22:04:40,  Deputy conducted a traffic stop.,WARREN RD; TOMPKINS COUNTY SHERIFF; V LANSING ITHACA NY 14850,42.487473,-76.4675177
1631,Traffic Cmplnt,21:37:02 10/03/22 - 21:40:41 10/03/22,21:37:02,  Deputy responded to a traffic complaint.,STATE ROUTE 13 & HANSHAW RD; T DRYDEN ITHACA NY 14850,42.4774635,-76.4308381
1633,Traffic Offense,21:33:18 10/03/22 - 21:33:18 10/03/22,21:33:18,  TCSO conducted traffic stop for VTL Violation.,ELMIRA RD & CONNECTICUT HILL RD; T NEWFIELD NEWFIELD NY 14867,42.317199,-76.6648226
1635,Traffic Offense,20:24:44 10/03/22 - 20:24:44 10/03/22,20:24:44,  Traffic Offense.,GRAHAM RD; UNIVERSITY HEIGHTS APTS; V LANSING ITHACA NY 14850,42.4856205,-76.4812785
1636,Traffic Offense,20:23:12 10/03/22 - 20:23:12 10/03/22,20:23:12,  Traffic Stop,ELMIRA RD & CAYUTA RD; T NEWFIELD NEWFIELD NY 14867,42.297446,-76.687944
1637,Traffic Offense,20:17:00 10/03/22 - 20:17:00 10/03/22,20:17:00,  Traffic Stop,ELMIRA RD & BULL HILL RD; T NEWFIELD NEWFIELD NY 14867,42.317199,-76.6648226
1638,Traffic Offense,20:16:24 10/03/22 - 20:16:24 10/03/22,20:16:24,  Traffic Offense.,N TRIPHAMMER RD & WATERWAGON RD; T LANSING ITHACA NY 14850,42.5161329,-76.49128240000002
1639,Traffic Offense,19:44:54 10/03/22 - 19:44:54 10/03/22,19:44:54,  Traffic Stop,ELMIRA RD & ENFIELD FALLS RD; T ITHACA ITHACA NY 14850,42.4041478,-76.5461474
1642,Traffic Offense,18:36:11 10/03/22 - 18:36:11 10/03/22,18:36:11,  Traffic Stop,ELMIRA RD & TRUMBULLS CORNERS RD; T NEWFIELD NEWFIELD NY 14867,42.3545699,-76.605648
1643,Traffic Offense,18:01:35 10/03/22 - 18:01:35 10/03/22,18:01:35,  Traffic Stop,ELMIRA RD & BULL HILL RD; T NEWFIELD NEWFIELD NY 14867,42.317199,-76.6648226
1644,Traffic Offense,17:43:06 10/03/22 - 17:43:06 10/03/22,17:43:06,  Deputy conducted a traffic stop.,DRYDEN RD & RINGWOOD RD; T DRYDEN FREEVILLE NY 13068,42.48507,-76.35485919999999
1645,Traffic Offense,17:41:11 10/03/22 - 17:41:11 10/03/22,17:41:11,  Traffic Offense.,WILKINS RD & DUBOIS RD; T ULYSSES ITHACA NY 14850,42.493123,-76.554732
1646,Traffic Offense,17:38:40 10/03/22 - 17:38:40 10/03/22,17:38:40,  Traffic Stop,ELMIRA RD & CONNECTICUT HILL RD; T NEWFIELD NEWFIELD NY 14867,42.317199,-76.6648226
1647,Traffic Offense,17:38:40 10/03/22 - 17:38:40 10/03/22,17:38:40,  Traffic Stop,ELMIRA RD & CONNECTICUT HILL RD; T NEWFIELD NEWFIELD NY 14867,42.317199,-76.6648226
1648,Traffic Offense,17:23:25 10/03/22 - 17:23:25 10/03/22,17:23:25,  Traffic Offense.,BLOCK TAUGHANNOCK BLVD; T ITHACA ITHACA NY 14850,42.4817143,-76.5352388
1649,Traffic Offense,17:17:45 10/03/22 - 17:17:45 10/03/22,17:17:45,  Deputy conducted a traffic stop and made an arrest.,E MALLORYVILLE RD & FALL CREEK RD; T DRYDEN FREEVILLE NY 13068,42.5341877,-76.30625739999999
1650,Traffic Offense,17:17:45 10/03/22 - 17:17:45 10/03/22,17:17:45,  Deputy conducted a traffic stop and made an arrest.,E MALLORYVILLE RD & FALL CREEK RD; T DRYDEN FREEVILLE NY 13068,42.5341877,-76.30625739999999
1651,Traffic Offense,17:03:49 10/03/22 - 17:03:49 10/03/22,17:03:49,  Deputy conducted a traffic stop.,PERUVILLE RD & SALT RD; T GROTON FREEVILLE NY 13068,42.5490674,-76.3227965
1652,Traffic Offense,16:49:48 10/03/22 - 16:49:48 10/03/22,16:49:48,  Traffic Stop,ELMIRA RD; CHARLIES TOWING AND REPAIRING; T NEWFIELD NEWFIELD NY 14867,42.3545699,-76.605648
1653,Traffic Offense,16:39:34 10/03/22 - 16:39:34 10/03/22,16:39:34,  Traffic Stop,ELMIRA RD & MAZOUREK RD; T NEWFIELD NEWFIELD NY 14867,42.3289169,-76.6461169
1655,Traffic Offense,16:10:48 10/03/22 - 16:10:48 10/03/22,16:10:48,  Deputy conducted a traffic stop and made an arrest.,DRYDEN RD & GEORGE RD; T DRYDEN DRYDEN NY 13053,42.48963740000001,-76.3282852
1656,Traffic Offense,16:10:48 10/03/22 - 16:10:48 10/03/22,16:10:48,  Deputy conducted a traffic stop and made an arrest.,DRYDEN RD & GEORGE RD; T DRYDEN DRYDEN NY 13053,42.48963740000001,-76.3282852
1664,Traffic Offense,12:38:30 10/03/22 - 12:38:30 10/03/22,12:38:30,  Traffic stop.,HALSEYVILLE RD & AIKEN RD; T ENFIELD ITHACA NY 14850,42.4651939,-76.63195
1665,Traffic Offense,12:38:30 10/03/22 - 12:38:30 10/03/22,12:38:30,  Traffic stop.,HALSEYVILLE RD & AIKEN RD; T ENFIELD ITHACA NY 14850,42.4651939,-76.63195
1666,Traffic Offense,12:38:30 10/03/22 - 12:38:30 10/03/22,12:38:30,  Traffic stop.,HALSEYVILLE RD & AIKEN RD; T ENFIELD ITHACA NY 14850,42.4651939,-76.63195
1669,Traffic Offense,10:50:35 10/03/22 - 10:50:35 10/03/22,10:50:35,  Traffic stop,MAIN ST & JOHNSON ST; V FREEVILLE FREEVILLE NY 13068,42.5105025,-76.35361739999999
1670,Traffic Offense,10:50:35 10/03/22 - 10:50:35 10/03/22,10:50:35,  Traffic stop,MAIN ST & JOHNSON ST; V FREEVILLE FREEVILLE NY 13068,42.5105025,-76.35361739999999
1671,Traffic Offense,10:32:04 10/03/22 - 10:32:04 10/03/22,10:32:04,  Traffic stop.,ENFIELD CENTER RD E; T ENFIELD ITHACA NY 14850,42.436757,-76.6014469
1672,Traffic Offense,10:32:04 10/03/22 - 10:32:04 10/03/22,10:32:04,  Traffic stop.,ENFIELD CENTER RD E; T ENFIELD ITHACA NY 14850,42.436757,-76.6014469
1673,Traffic Offense,10:32:04 10/03/22 - 10:32:04 10/03/22,10:32:04,  Traffic stop.,ENFIELD CENTER RD E; T ENFIELD ITHACA NY 14850,42.436757,-76.6014469
1674,Traffic Offense,10:15:24 10/03/22 - 10:15:24 10/03/22,10:15:24,  Traffic stop.,ENFIELD CENTER RD E & S VAN DORN RD; T ENFIELD ITHACA NY 14850,42.4370509,-76.5903869
1677,Traffic Offense,09:13:32 10/03/22 - 09:13:32 10/03/22,09:13:32,  Traffic stop,SLATERVILLE RD & THOMAS RD; T CAROLINE BROOKTONDALE NY 14817,42.39438639999999,-76.3752197
1678,Traffic Offense,09:13:32 10/03/22 - 09:13:32 10/03/22,09:13:32,  Traffic stop,SLATERVILLE RD & THOMAS RD; T CAROLINE BROOKTONDALE NY 14817,42.39438639999999,-76.3752197
1679,Traffic Offense,08:52:27 10/03/22 - 08:52:27 10/03/22,08:52:27,  Traffic stop,SLATERVILLE RD & SNYDER HILL RD; T CAROLINE ITHACA NY 14850,42.3954202,-76.38222979999999
1680,Traffic Offense,08:52:27 10/03/22 - 08:52:27 10/03/22,08:52:27,  Traffic stop,SLATERVILLE RD & SNYDER HILL RD; T CAROLINE ITHACA NY 14850,42.3954202,-76.38222979999999
1684,Traffic Offense,07:14:58 10/03/22 - 07:14:58 10/03/22,07:14:58,  Traffic stop.,MECKLENBURG RD; T ENFIELD ITHACA NY 14850,42.451756,-76.6057896
1685,Traffic Offense,07:14:58 10/03/22 - 07:14:58 10/03/22,07:14:58,  Traffic stop.,MECKLENBURG RD; T ENFIELD ITHACA NY 14850,42.451756,-76.6057896
1686,Traffic Offense,07:14:58 10/03/22 - 07:14:58 10/03/22,07:14:58,  Traffic stop.,MECKLENBURG RD; T ENFIELD ITHACA NY 14850,42.451756,-76.6057896
1687,Traffic Offense,07:14:58 10/03/22 - 07:14:58 10/03/22,07:14:58,  Traffic stop.,MECKLENBURG RD; T ENFIELD ITHACA NY 14850,42.451756,-76.6057896
1688,Traffic Offense,07:14:58 10/03/22 - 07:14:58 10/03/22,07:14:58,  Traffic stop.,MECKLENBURG RD; T ENFIELD ITHACA NY 14850,42.451756,-76.6057896
1690,Traffic Offense,06:11:10 10/03/22 - 06:11:10 10/03/22,06:11:10,  Traffic stop.,HANSHAW RD & ETNA RD; T DRYDEN ITHACA NY 14850,42.4865579,-76.431372
1691,Traffic Offense,06:03:20 10/03/22 - 06:03:20 10/03/22,06:03:20,  Traffic Stop,EAST SHORE DR & BURDICK HILL RD; V LANSING ITHACA NY 14850,42.4978646,-76.5097833
1692,Traffic Offense,05:52:32 10/03/22 - 05:52:32 10/03/22,05:52:32,  Traffic Stop,EAST SHORE DR & AUTUMN RIDGE DR; V LANSING ITHACA NY 14850,42.5010943,-76.5094715
1693,Traffic Offense,05:38:01 10/03/22 - 05:38:01 10/03/22,05:38:01,  Traffic Stop,EAST SHORE DR & BLACKCHIN BLVD; V LANSING ITHACA NY 14850,42.5076304,-76.5090482
1694,Traffic Offense,05:30:27 10/03/22 - 05:30:27 10/03/22,05:30:27,  Traffic Offense.,ELMIRA RD & MILLARD HILL RD; T NEWFIELD NEWFIELD NY 14867,42.39096,-76.56393109999999
1707,Traffic Offense,01:11:27 10/03/22 - 01:11:27 10/03/22,01:11:27,  Traffic stop. UTT issued. RPS/1234,STATE ROUTE 13 N & N TRIPHAMMER RD; V LANSING ITHACA NY 14850,42.5054774,-76.490818
1708,Traffic Offense,00:57:59 10/03/22 - 00:57:59 10/03/22,00:57:59,  Deputy conducted a traffic stop.,MECKLENBURG RD & WESTHAVEN RD; T ITHACA ITHACA NY 14850,42.4483724,-76.5342811
1709,Traffic Offense,00:56:47 10/03/22 - 00:56:47 10/03/22,00:56:47,  Traffic Offense.,MAIN ST & OLD TRUMBULLS CORNERS RD; T NEWFIELD NEWFIELD NY 14867,42.3594481,-76.5997623
1710,Traffic Offense,00:56:47 10/03/22 - 00:56:47 10/03/22,00:56:47,  Traffic Offense.,MAIN ST & OLD TRUMBULLS CORNERS RD; T NEWFIELD NEWFIELD NY 14867,42.3594481,-76.5997623
1713,Traffic Offense,00:37:06 10/03/22 - 00:37:06 10/03/22,00:37:06,  Traffic stop.,MAIN ST & UPPER CREEK RD; T DRYDEN ETNA NY 13062,42.490333,-76.3779773
1714,Traffic Offense,00:34:27 10/03/22 - 00:34:27 10/03/22,00:34:27,  Traffic Offense.,W DANBY RD & BLAKESLEE HILL RD; T NEWFIELD NEWFIELD NY 14867,42.3840467,-76.55379789999999
1717,Traffic Offense,00:24:39 10/03/22 - 00:24:39 10/03/22,00:24:39,  Traffic stop.,STATE ROUTE 13 & HANSHAW RD; T DRYDEN ITHACA NY 14850,42.4774635,-76.4308381
1719,Traffic Offense,00:13:16 10/03/22 - 00:13:16 10/03/22,00:13:16,  Traffic Stop,N TRIPHAMMER RD & FRANKLYN DR; T LANSING LANSING NY 14882,42.5361828,-76.4924942
1728,Traffic Offense,21:03:14 10/02/22 - 21:03:14 10/02/22,21:03:14,  Traffic stop.,ELMIRA RD; EDDYDALE FARM STAND; T ITHACA ITHACA NY 14850,42.362536,-76.5957859
1730,Traffic Offense,20:52:58 10/02/22 - 20:52:58 10/02/22,20:52:58,  Traffic stop.,ELMIRA RD & SAND BANK RD; T ITHACA ITHACA NY 14850,42.4170384,-76.525069
1735,Traffic Offense,18:31:40 10/02/22 - 18:31:41 10/02/22,18:31:40,  traffic stop,N TRIPHAMMER RD & BURDICK HILL RD; V LANSING ITHACA NY 14850,42.4984384,-76.4904112
1743,Traffic Offense,17:17:08 10/02/22 - 17:17:08 10/02/22,17:17:08,  Traffic stop.,FIVE MILE DR & BOSTWICK RD; T ITHACA ITHACA NY 14850,42.4224419,-76.5291647
1744,Traffic Cmplnt,16:30:08 10/02/22 - 16:30:08 10/02/22,16:30:08,  Traffic complaint.,W KING RD; T DANBY; T ITHACA ITHACA NY 14850,42.3959538,-76.5216888
1746,Traffic Cmplnt,16:05:48 10/02/22 - 16:07:09 10/02/22,16:05:48,  Deputy responded to a traffic complaint.,BLOCK N TRIPHAMMER RD; V LANSING ITHACA NY 14850,42.5054774,-76.490818
1747,Traffic Offense,13:36:03 10/02/22 - 13:36:03 10/02/22,13:36:03,  Deputy conducted a traffic stop.,ELMIRA RD & MAZOUREK RD; T NEWFIELD NEWFIELD NY 14867,42.3289169,-76.6461169
1748,Traffic Offense,13:24:55 10/02/22 - 13:24:55 10/02/22,13:24:55,  Deputy conducted a traffic stop.,ELMIRA RD; MIDSTATE BASEMENT; T NEWFIELD NEWFIELD NY 14867,42.3545699,-76.605648
1749,Traffic Offense,13:19:52 10/02/22 - 13:19:52 10/02/22,13:19:52,  Deputy conducted a traffic stop.,MILLARD HILL RD; T NEWFIELD NEWFIELD NY 14867,42.385081,-76.5964669
1752,Traffic Offense,12:08:19 10/02/22 - 12:08:19 10/02/22,12:08:19,  Deputy conducted a traffic stop.,TRUMBULLS CORNERS RD & CONNECTICUT HILL RD; T ENFIELD NEWFIELD NY 14867,42.3980509,-76.641289
1753,Traffic Offense,11:23:52 10/02/22 - 11:23:52 10/02/22,11:23:52,  Deputy conducted a traffic stop.,ELMIRA RD & MAIN ST; T NEWFIELD NEWFIELD NY 14867,42.35237,-76.60833
1755,Traffic Offense,10:48:44 10/02/22 - 10:48:44 10/02/22,10:48:44,  Deputies conducted a stop for Unregistered MV.,ELMIRA RD; SMILEYS CITGO; T NEWFIELD NEWFIELD NY 14867,42.3545699,-76.605648
1756,Traffic Offense,10:40:32 10/02/22 - 10:40:32 10/02/22,10:40:32,  Deputy conducted a traffic stop.,MECKLENBURG RD & N VAN DORN RD; T ENFIELD ITHACA NY 14850,42.451756,-76.6057896
1757,Traffic Offense,10:33:19 10/02/22 - 10:33:19 10/02/22,10:33:19,  Deputy conducted a traffic stop.,MECKLENBURG RD; DANDY MINI MART; T ENFIELD ITHACA NY 14850,42.451756,-76.6057896
1758,Traffic Offense,10:21:28 10/02/22 - 10:21:28 10/02/22,10:21:28,  Deputy conducted a traffic stop.,BLACK OAK RD & WEATHERBY RD; T ENFIELD; T ENFIELD NEWFIELD NY 14867,42.412312,-76.6683369
1760,Traffic Offense,09:47:28 10/02/22 - 09:47:28 10/02/22,09:47:28,  Deputy conducted a traffic stop.,TRUMANSBURG RD & HARRIS B DATES DR; T ITHACA ITHACA NY 14850,42.4706755,-76.539689
1761,Traffic Offense,09:33:14 10/02/22 - 09:33:14 10/02/22,09:33:14,  Deputy conducted a traffic stop.,TRUMANSBURG RD; T ULYSSES TRUMANSBURG NY 14886,42.5096882,-76.6163073
1762,Traffic Offense,06:24:20 10/02/22 - 06:24:20 10/02/22,06:24:20,  Traffic Offense.,PERRY CITY RD & TRUMANSBURG RD; T ULYSSES TRUMANSBURG NY 14886,42.49578899999999,-76.59603539999999
1763,Traffic Offense,06:13:54 10/02/22 - 06:13:54 10/02/22,06:13:54,  Traffic Offense,FALL CREEK RD & NORTH RD; T DRYDEN FREEVILLE NY 13068,42.5379594,-76.3008277
1764,Traffic Offense,05:32:58 10/02/22 - 05:32:58 10/02/22,05:32:58,  Traffic stop.,ELMIRA RD & CONNECTICUT HILL RD; T NEWFIELD NEWFIELD NY 14867,42.317199,-76.6648226
1766,Traffic Offense,04:50:56 10/02/22 - 04:50:56 10/02/22,04:50:56,  Traffic stop.,ELMIRA RD & CARTER CREEK RD; T NEWFIELD NEWFIELD NY 14867,42.324138,-76.6564782
1767,Traffic Offense,04:39:04 10/02/22 - 04:39:04 10/02/22,04:39:04,  Traffic stop.,ELMIRA RD & CONNECTICUT HILL RD; T NEWFIELD NEWFIELD NY 14867,42.317199,-76.6648226
1773,Traffic Offense,01:26:52 10/02/22 - 01:26:52 10/02/22,01:26:52,  Traffic stop.,MILLARD HILL RD & ELMIRA RD; T NEWFIELD NEWFIELD NY 14867,42.39096,-76.56393109999999
1774,Traffic Offense,01:21:34 10/02/22 - 01:21:34 10/02/22,01:21:34,  Traffic Offense.,ELMIRA RD & DECKER RD; T NEWFIELD NEWFIELD NY 14867,42.393481,-76.55390919999999
1775,Traffic Offense,00:56:07 10/02/22 - 00:56:07 10/02/22,00:56:07,  Traffic Offense.,TRUMANSBURG RD & VAN DORN CORNERS RD; T ULYSSES ITHACA NY 14850,42.4945573,-76.593785
1776,Traffic Offense,00:52:52 10/02/22 - 00:52:52 10/02/22,00:52:52,  Traffic stop.,ELMIRA RD; ROUTE 13 AT BUTTERMILK FALLS; T ITHACA ITHACA NY 14850,42.362536,-76.5957859
1778,Traffic Offense,00:34:34 10/02/22 - 00:34:35 10/02/22,00:34:34,  Traffic stop.,ELMIRA RD & SAND BANK RD; T ITHACA ITHACA NY 14850,42.4170384,-76.525069
1779,Traffic Offense,00:23:56 10/02/22 - 00:23:56 10/02/22,00:23:56,  Traffic stop.,ELMIRA RD & SAND BANK RD; T ITHACA ITHACA NY 14850,42.4170384,-76.525069
1780,Traffic Offense,00:14:40 10/02/22 - 00:14:40 10/02/22,00:14:40,  Traffic Offense.,JACKSONVILLE RD & PERRY CITY RD; T ULYSSES TRUMANSBURG NY 14886,42.4952169,-76.613919
1781,Traffic Offense,00:10:07 10/02/22 - 00:10:07 10/02/22,00:10:07,  Traffic stop.,FIVE MILE DR & BOSTWICK RD; T ITHACA ITHACA NY 14850,42.4224419,-76.5291647
1790,Traffic Offense,21:47:49 10/01/22 - 21:47:49 10/01/22,21:47:49,  Deputy conducted a traffic stop.,SAND BANK RD; T ITHACA ITHACA NY 14850,42.4057382,-76.5280003
1791,Traffic Offense,21:45:18 10/01/22 - 21:45:18 10/01/22,21:45:18,  traffic stop,PERUVILLE RD & CASWELL RD; T GROTON GROTON NY 13073,42.5478519,-76.3769054
1792,Traffic Offense,21:33:15 10/01/22 - 21:33:15 10/01/22,21:33:15,  Traffic Offense.,ELMIRA RD & SEVEN MILE DR; T ITHACA ITHACA NY 14850,42.4084385,-76.5416492
1797,Traffic Cmplnt,19:39:07 10/01/22 - 19:39:55 10/01/22,19:39:07,  Traffic complaint.,RED MILL RD & HILE SCHOOL RD; T DRYDEN FREEVILLE NY 13068,42.5336863,-76.3254259
1799,Traffic Offense,19:18:19 10/01/22 - 19:18:19 10/01/22,19:18:19,  Deputy conducted a traffic stop.,DART DR & WARREN RD; V LANSING ITHACA NY 14850,42.4834027,-76.4673571
1800,Traffic Offense,19:17:11 10/01/22 - 19:17:11 10/01/22,19:17:11,  Traffic stop.,STATE ROUTE 13 & HANSHAW RD; T DRYDEN ITHACA NY 14850,42.4774635,-76.4308381
1806,Traffic Cmplnt,16:21:27 10/01/22 - 16:22:50 10/01/22,16:21:27,  traffic complaint,STATE ROUTE 13 & HANSHAW RD; T DRYDEN ITHACA NY 14850,42.4774635,-76.4308381
1807,Traffic Cmplnt,16:20:27 10/01/22 - 16:21:40 10/01/22,16:20:27,  Traffic complaint.,ELMIRA RD & FIVE MILE DR; T ITHACA ITHACA NY 14850,42.41444750000001,-76.53140669999999
1808,Traffic Offense,16:02:52 10/01/22 - 16:02:52 10/01/22,16:02:52,  Deputy responded to assist with a traffic stop,N TRIPHAMMER RD; TRIPHAMMER MARKETPLACE; V LANSING ITHACA NY 14850,42.5054774,-76.490818
1809,Traffic Offense,14:21:12 10/01/22 - 14:21:12 10/01/22,14:21:12,  Deputy conducted a traffic stop.,HECTOR ST & FALLVIEW TER; C ITHACA ITHACA NY 14850,42.4517389,-76.521461
1811,Traffic Offense,12:28:21 10/01/22 - 12:28:21 10/01/22,12:28:21,  Deputy conducted traffic stop.,TAUGHANNOCK BLVD & KRAFT RD; T ULYSSES ITHACA NY 14850,42.4817143,-76.5352388
1813,Traffic Cmplnt,12:11:00 10/01/22 - 12:11:00 10/01/22,12:11:00,  Traffic complaint,SCOFIELD RD; T LANSING GROTON NY 13073,42.5460509,-76.4540879
1816,Traffic Offense,11:30:08 10/01/22 - 11:30:08 10/01/22,11:30:08,  Traffic stop. RPS/1234,N TRIPHAMMER RD & HILLCREST RD; T LANSING ITHACA NY 14850,42.5193429,-76.4914208
1817,Traffic Offense,10:51:52 10/01/22 - 10:51:52 10/01/22,10:51:52,  Deputy conducted a traffic stop.,ELMIRA RD & CONNECTICUT HILL RD; T NEWFIELD NEWFIELD NY 14867,42.317199,-76.6648226
1818,Traffic Offense,10:44:25 10/01/22 - 10:44:25 10/01/22,10:44:25,  Deputy conducted a traffic stop.,ELMIRA RD & MAZOUREK RD; T NEWFIELD NEWFIELD NY 14867,42.3289169,-76.6461169
1820,Traffic Offense,10:42:21 10/01/22 - 10:42:21 10/01/22,10:42:21,  Deputy conducted traffic stop.,ELMIRA RD; T NEWFIELD NEWFIELD NY 14867,42.3545699,-76.605648
1822,Traffic Offense,09:45:48 10/01/22 - 09:45:48 10/01/22,09:45:48, ,MECKLENBURG RD & N APPLEGATE RD; T ENFIELD ITHACA NY 14850,42.4515725,-76.6113907
1836,Traffic Offense,00:37:21 10/01/22 - 00:37:21 10/01/22,00:37:21,  Traffic Stop,ELMIRA RD; SMILEYS CITGO; T NEWFIELD NEWFIELD NY 14867,42.3545699,-76.605648
1840,Traffic Offense,00:10:41 10/01/22 - 00:10:41 10/01/22,00:10:41,  Traffic stop. UTT issued.,AUBURN RD; PHOENIX TOWING; T LANSING LANSING NY 14882,42.5823945,-76.4930027
